design,kappa,T,n,replicate,seed,a,sigma,x0,status,failure,kappa_hat,fit_status,training_status,fit_cap,training_cap,fit_optimizer_failures,fit_numerical_failures,training_optimizer_failures,training_numerical_failures,fit_warning,training_warning,lr_contains_truth,lr_excludes_zero,split_contains_truth,split_excludes_zero,log_e_truth,log_e_zero
regular,0.0,1.0,64,1,2026092804,0.0,1.0,0.0,completed,none,4.839779140304515,bounded_search_completed,bounded_search_completed,200.0,400.0,0,0,0,0,0,0,1,0,1,0,-1.2761600176138792,-1.2761600176138792
regular,0.0,1.0,64,2,2026092805,0.0,1.0,0.0,completed,none,5.154356654152141,bounded_search_completed,bounded_search_completed,200.0,400.0,0,0,0,0,0,0,1,0,1,0,-9.448390112965651,-9.448390112965651
regular,0.0,1.0,64,3,2026092806,0.0,1.0,0.0,completed,none,5.557347993419098,bounded_search_completed,bounded_search_completed,200.0,400.0,0,0,0,0,0,0,0,1,1,0,-1.7122442204558155,-1.7122442204558155
regular,0.0,1.0,64,4,2026092807,0.0,1.0,0.0,completed,none,13.012183862830693,bounded_search_completed,bounded_search_completed,200.0,400.0,0,0,0,0,0,0,0,1,1,0,-12.450366861254913,-12.450366861254913
regular,0.0,1.0,64,5,2026092808,0.0,1.0,0.0,completed,none,10.029556577872569,bounded_search_completed,bounded_search_completed,200.0,400.0,0,0,0,0,0,0,0,1,1,0,-6.760789477530391,-6.760789477530391
regular,0.0,1.0,64,6,2026092809,0.0,1.0,0.0,completed,none,2.589690859928906,bounded_search_completed,bounded_search_completed,200.0,400.0,0,0,0,0,0,0,1,0,1,0,-1.7501263427568325,-1.7501263427568325
regular,0.0,1.0,64,7,2026092810,0.0,1.0,0.0,completed,none,5.4171329864158,bounded_search_completed,bounded_search_completed,200.0,400.0,0,0,0,0,0,0,1,0,1,0,-1.9311564576006148,-1.9311564576006148
regular,0.0,1.0,64,8,2026092811,0.0,1.0,0.0,completed,none,11.108634677677617,bounded_search_completed,bounded_search_completed,200.0,400.0,0,0,0,0,0,0,0,1,1,0,-0.6079662140526594,-0.6079662140526594
regular,0.0,1.0,64,9,2026092812,0.0,1.0,0.0,completed,none,3.902620970123685,bounded_search_completed,bounded_search_completed,200.0,400.0,0,0,0,0,0,0,1,0,1,0,-2.859589687112127,-2.859589687112127
regular,0.0,1.0,64,10,2026092813,0.0,1.0,0.0,completed,none,5.566658388328481,bounded_search_completed,bounded_search_completed,200.0,400.0,0,0,0,0,0,0,1,0,1,0,-267.8764120744056,-267.8764120744056
regular,0.0,1.0,64,11,2026092814,0.0,1.0,0.0,completed,none,9.568721344211875,bounded_search_completed,bounded_search_completed,200.0,400.0,0,0,0,0,0,0,0,1,1,0,0.9850516214092053,0.9850516214092053
regular,0.0,1.0,64,12,2026092815,0.0,1.0,0.0,completed,none,8.77615628982012,bounded_search_completed,bounded_search_completed,200.0,400.0,0,0,0,0,0,0,0,1,1,0,-2.8986243959989153,-2.8986243959989153
regular,0.0,1.0,64,13,2026092816,0.0,1.0,0.0,completed,none,0.0,bounded_search_completed,bounded_search_completed,200.0,400.0,0,0,0,0,0,0,1,0,1,0,-27.249703304175707,-27.249703304175707
regular,0.0,1.0,64,14,2026092817,0.0,1.0,0.0,completed,none,3.2804738142667085,bounded_search_completed,bounded_search_completed,200.0,400.0,0,0,0,0,0,0,1,0,1,0,-6.946448207952345,-6.946448207952345
regular,0.0,1.0,64,15,2026092818,0.0,1.0,0.0,completed,none,8.700649745034385,bounded_search_completed,bounded_search_completed,200.0,400.0,0,0,0,0,0,0,0,1,1,0,-3.5526218480788145,-3.5526218480788145
regular,0.0,1.0,64,16,2026092819,0.0,1.0,0.0,completed,none,14.801196664396656,bounded_search_completed,bounded_search_completed,200.0,400.0,0,0,0,0,0,0,0,1,1,0,2.1189246354229567,2.1189246354229567
regular,0.0,1.0,64,17,2026092820,0.0,1.0,0.0,completed,none,6.166101539950193,bounded_search_completed,bounded_search_completed,200.0,400.0,0,0,0,0,0,0,1,0,1,0,-3.635825526091166,-3.635825526091166
regular,0.0,1.0,64,18,2026092821,0.0,1.0,0.0,completed,none,0.0,bounded_search_completed,bounded_search_completed,200.0,400.0,0,0,0,0,0,0,1,0,1,0,-11.899768168899433,-11.899768168899433
regular,0.0,1.0,64,19,2026092822,0.0,1.0,0.0,completed,none,5.393919965219769,bounded_search_completed,bounded_search_completed,200.0,400.0,0,0,0,0,0,0,1,0,1,0,-8.95557638718152,-8.95557638718152
regular,0.0,1.0,64,20,2026092823,0.0,1.0,0.0,completed,none,10.066372597444316,bounded_search_completed,bounded_search_completed,200.0,400.0,0,0,0,0,0,0,0,1,1,0,0.4328277186961671,0.4328277186961671
regular,0.0,1.0,64,21,2026092824,0.0,1.0,0.0,completed,none,15.344141751049937,bounded_search_completed,bounded_search_completed,200.0,400.0,0,0,0,0,0,0,0,1,1,0,1.5307736393756777,1.5307736393756777
regular,0.0,1.0,64,22,2026092825,0.0,1.0,0.0,completed,none,5.034423484427624,bounded_search_completed,bounded_search_completed,200.0,400.0,0,0,0,0,0,0,1,0,1,0,-4.007942485079081,-4.007942485079081
regular,0.0,1.0,64,23,2026092826,0.0,1.0,0.0,completed,none,4.6149359446705045,bounded_search_completed,bounded_search_completed,200.0,400.0,0,0,0,0,0,0,1,0,1,0,-1.1064215200232006,-1.1064215200232006
regular,0.0,1.0,64,24,2026092827,0.0,1.0,0.0,completed,none,10.691725851802069,bounded_search_completed,bounded_search_completed,200.0,400.0,0,0,0,0,0,0,0,1,1,0,0.5733472631750018,0.5733472631750018
regular,0.0,1.0,64,25,2026092828,0.0,1.0,0.0,completed,none,0.0,bounded_search_completed,bounded_search_completed,200.0,400.0,0,0,0,0,0,0,1,0,1,0,-18.689313660648615,-18.689313660648615
regular,0.0,1.0,64,26,2026092829,0.0,1.0,0.0,completed,none,0.3344762498108391,bounded_search_completed,bounded_search_completed,200.0,400.0,0,0,0,0,0,0,1,0,1,0,-0.15994453250512564,-0.15994453250512564
regular,0.0,1.0,64,27,2026092830,0.0,1.0,0.0,completed,none,2.035738152087849,bounded_search_completed,bounded_search_completed,200.0,400.0,0,0,0,0,0,0,1,0,1,0,-9.52932617044187,-9.52932617044187
regular,0.0,1.0,64,28,2026092831,0.0,1.0,0.0,completed,none,1.8614495458599483,bounded_search_completed,bounded_search_completed,200.0,400.0,0,0,0,0,0,0,1,0,1,0,0.3830855579607544,0.3830855579607544
regular,0.0,1.0,64,29,2026092832,0.0,1.0,0.0,completed,none,1.4516627056309053,bounded_search_completed,bounded_search_completed,200.0,400.0,0,0,0,0,0,0,1,0,1,0,-5.158978868920908,-5.158978868920908
regular,0.0,1.0,64,30,2026092833,0.0,1.0,0.0,completed,none,2.522470032931126,bounded_search_completed,bounded_search_completed,200.0,400.0,0,0,0,0,0,0,1,0,1,0,-6.9801759157571475,-6.9801759157571475
regular,0.0,1.0,64,31,2026092834,0.0,1.0,0.0,completed,none,9.042733747032456,bounded_search_completed,bounded_search_completed,200.0,400.0,0,0,0,0,0,0,0,1,1,0,-5.418777996590608,-5.418777996590608
regular,0.0,1.0,64,32,2026092835,0.0,1.0,0.0,completed,none,31.525132323825613,bounded_search_completed,bounded_search_completed,200.0,400.0,0,0,0,0,0,0,0,1,1,0,-1.9795584283463405,-1.9795584283463405
regular,0.0,1.0,64,33,2026092836,0.0,1.0,0.0,completed,none,0.0,bounded_search_completed,bounded_search_completed,200.0,400.0,0,0,0,0,0,0,1,0,1,0,-40.988454853514696,-40.988454853514696
regular,0.0,1.0,64,34,2026092837,0.0,1.0,0.0,completed,none,3.152602624926038,bounded_search_completed,bounded_search_completed,200.0,400.0,0,0,0,0,0,0,1,0,1,0,-1.4379438491226253,-1.4379438491226253
regular,0.0,1.0,64,35,2026092838,0.0,1.0,0.0,completed,none,2.374467128040297,bounded_search_completed,bounded_search_completed,200.0,400.0,0,0,0,0,0,0,1,0,1,0,-98.13650304864889,-98.13650304864889
regular,0.0,1.0,64,36,2026092839,0.0,1.0,0.0,completed,none,6.268546336318199,bounded_search_completed,bounded_search_completed,200.0,400.0,0,0,0,0,0,0,1,0,1,0,-5.5178929135961,-5.5178929135961
regular,0.0,1.0,64,37,2026092840,0.0,1.0,0.0,completed,none,3.388644751615059,bounded_search_completed,bounded_search_completed,200.0,400.0,0,0,0,0,0,0,1,0,1,0,-14.221486018205926,-14.221486018205926
regular,0.0,1.0,64,38,2026092841,0.0,1.0,0.0,completed,none,0.0,bounded_search_completed,bounded_search_completed,200.0,400.0,0,0,0,0,0,0,1,0,1,0,-35.92806473724085,-35.92806473724085
regular,0.0,1.0,64,39,2026092842,0.0,1.0,0.0,completed,none,0.49266618635146087,bounded_search_completed,bounded_search_completed,200.0,400.0,0,0,0,0,0,0,1,0,1,0,-27.21196690709705,-27.21196690709705
regular,0.0,1.0,64,40,2026092843,0.0,1.0,0.0,completed,none,0.0,bounded_search_completed,bounded_search_completed,200.0,400.0,0,0,0,0,0,0,1,0,1,0,-29.149104391830452,-29.149104391830452
regular,0.0,1.0,64,41,2026092844,0.0,1.0,0.0,completed,none,6.108450184219807,bounded_search_completed,bounded_search_completed,200.0,400.0,0,0,0,0,0,0,1,0,1,0,0.4631420674435205,0.4631420674435205
regular,0.0,1.0,64,42,2026092845,0.0,1.0,0.0,completed,none,0.3317557513980523,bounded_search_completed,bounded_search_completed,200.0,400.0,0,0,0,0,0,0,1,0,1,0,-19.3884391532075,-19.3884391532075
regular,0.0,1.0,64,43,2026092846,0.0,1.0,0.0,completed,none,2.6240684366051257,bounded_search_completed,bounded_search_completed,200.0,400.0,0,0,0,0,0,0,1,0,1,0,-1.6806717929753887,-1.6806717929753887
regular,0.0,1.0,64,44,2026092847,0.0,1.0,0.0,completed,none,1.9968738854758015,bounded_search_completed,bounded_search_completed,200.0,400.0,0,0,0,0,0,0,1,0,1,0,-73.70242924530865,-73.70242924530865
regular,0.0,1.0,64,45,2026092848,0.0,1.0,0.0,completed,none,3.6319612640862227,bounded_search_completed,bounded_search_completed,200.0,400.0,0,0,0,0,0,0,1,0,1,0,-1.189454039358413,-1.189454039358413
regular,0.0,1.0,64,46,2026092849,0.0,1.0,0.0,completed,none,3.4224900184332805,bounded_search_completed,bounded_search_completed,200.0,400.0,0,0,0,0,0,0,1,0,1,0,-1.8858538681486614,-1.8858538681486614
regular,0.0,1.0,64,47,2026092850,0.0,1.0,0.0,completed,none,1.7140997489317464,bounded_search_completed,bounded_search_completed,200.0,400.0,0,0,0,0,0,0,1,0,1,0,-21.82631901593759,-21.82631901593759
regular,0.0,1.0,64,48,2026092851,0.0,1.0,0.0,completed,none,5.972738657486917,bounded_search_completed,bounded_search_completed,200.0,400.0,0,0,0,0,0,0,1,0,1,0,-0.9458691657147114,-0.9458691657147114
regular,0.0,1.0,64,49,2026092852,0.0,1.0,0.0,completed,none,0.0706230222496585,bounded_search_completed,bounded_search_completed,200.0,400.0,0,0,0,0,0,0,1,0,1,0,-73.10526099053743,-73.10526099053743
regular,0.0,1.0,64,50,2026092853,0.0,1.0,0.0,completed,none,2.347418067247372,bounded_search_completed,bounded_search_completed,200.0,400.0,0,0,0,0,0,0,1,0,1,0,-40.476505695475225,-40.476505695475225
regular,0.0,1.0,64,51,2026092854,0.0,1.0,0.0,completed,none,6.934179641034128,bounded_search_completed,bounded_search_completed,200.0,400.0,0,0,0,0,0,0,1,0,1,0,0.40949409603119946,0.40949409603119946
regular,0.0,1.0,64,52,2026092855,0.0,1.0,0.0,completed,none,2.6350360692649812,bounded_search_completed,bounded_search_completed,200.0,400.0,0,0,0,0,0,0,1,0,1,0,-0.4317742365070103,-0.4317742365070103
regular,0.0,1.0,64,53,2026092856,0.0,1.0,0.0,completed,none,0.6673426335081664,bounded_search_completed,bounded_search_completed,200.0,400.0,0,0,0,0,0,0,1,0,1,0,-0.7201458548524187,-0.7201458548524187
regular,0.0,1.0,64,54,2026092857,0.0,1.0,0.0,completed,none,13.484610216697815,bounded_search_completed,bounded_search_completed,200.0,400.0,0,0,0,0,0,0,0,1,1,0,1.3126315718492556,1.3126315718492556
regular,0.0,1.0,64,55,2026092858,0.0,1.0,0.0,completed,none,5.1410096262983425,bounded_search_completed,bounded_search_completed,200.0,400.0,0,0,0,0,0,0,1,0,1,0,-0.6951594525967906,-0.6951594525967906
regular,0.0,1.0,64,56,2026092859,0.0,1.0,0.0,completed,none,7.733006688380291,bounded_search_completed,bounded_search_completed,200.0,400.0,0,0,0,0,0,0,0,1,1,0,-15.258006618705043,-15.258006618705043
regular,0.0,1.0,64,57,2026092860,0.0,1.0,0.0,completed,none,5.166667510219456,bounded_search_completed,bounded_search_completed,200.0,400.0,0,0,0,0,0,0,0,1,1,0,-2.0823207350407777,-2.0823207350407777
regular,0.0,1.0,64,58,2026092861,0.0,1.0,0.0,completed,none,3.1760842932670252,bounded_search_completed,bounded_search_completed,200.0,400.0,0,0,0,0,0,0,1,0,1,0,-8.560735615550211,-8.560735615550211
regular,0.0,1.0,64,59,2026092862,0.0,1.0,0.0,completed,none,4.044739439350291,bounded_search_completed,bounded_search_completed,200.0,400.0,0,0,0,0,0,0,1,0,1,0,-7.724132339290875,-7.724132339290875
regular,0.0,1.0,64,60,2026092863,0.0,1.0,0.0,completed,none,0.42291206064194553,bounded_search_completed,bounded_search_completed,200.0,400.0,0,0,0,0,0,0,1,0,1,0,-8.343183285557455,-8.343183285557455
regular,0.0,1.0,64,61,2026092864,0.0,1.0,0.0,completed,none,6.193950626757049,bounded_search_completed,bounded_search_completed,200.0,400.0,0,0,0,0,0,0,1,0,1,0,-0.20597931632585542,-0.20597931632585542
regular,0.0,1.0,64,62,2026092865,0.0,1.0,0.0,completed,none,5.715083048961957,bounded_search_completed,bounded_search_completed,200.0,400.0,0,0,0,0,0,0,0,1,1,0,-9.236313996801496,-9.236313996801496
regular,0.0,1.0,64,63,2026092866,0.0,1.0,0.0,completed,none,4.382724726966393,bounded_search_completed,bounded_search_completed,200.0,400.0,0,0,0,0,0,0,1,0,1,0,0.09789941389731283,0.09789941389731283
regular,0.0,1.0,64,64,2026092867,0.0,1.0,0.0,completed,none,7.129783655987304,bounded_search_completed,bounded_search_completed,200.0,400.0,0,0,0,0,0,0,1,0,1,0,-1.8373858725566734,-1.8373858725566734
regular,0.0,1.0,64,65,2026092868,0.0,1.0,0.0,completed,none,0.3486339975915048,bounded_search_completed,bounded_search_completed,200.0,400.0,0,0,0,0,0,0,1,0,1,0,-137.6196530416358,-137.6196530416358
regular,0.0,1.0,64,66,2026092869,0.0,1.0,0.0,completed,none,0.006218956477410908,bounded_search_completed,bounded_search_completed,200.0,400.0,0,0,0,0,0,0,1,0,1,0,-1.837877228788365,-1.837877228788365
regular,0.0,1.0,64,67,2026092870,0.0,1.0,0.0,completed,none,1.812012648178676,bounded_search_completed,bounded_search_completed,200.0,400.0,0,0,0,0,0,0,1,0,1,0,-25.055858084934197,-25.055858084934197
regular,0.0,1.0,64,68,2026092871,0.0,1.0,0.0,completed,none,3.7718175518545407,bounded_search_completed,bounded_search_completed,200.0,400.0,0,0,0,0,0,0,0,1,1,0,-0.3661023255516618,-0.3661023255516618
regular,0.0,1.0,64,69,2026092872,0.0,1.0,0.0,completed,none,9.609647424683923,bounded_search_completed,bounded_search_completed,200.0,400.0,0,0,0,0,0,0,0,1,1,0,-0.37100583500467366,-0.37100583500467366
regular,0.0,1.0,64,70,2026092873,0.0,1.0,0.0,completed,none,1.6054223466725013,bounded_search_completed,bounded_search_completed,200.0,400.0,0,0,0,0,0,0,1,0,1,0,-5.789758127307421,-5.789758127307421
regular,0.0,1.0,64,71,2026092874,0.0,1.0,0.0,completed,none,4.75260504180081,bounded_search_completed,bounded_search_completed,200.0,400.0,0,0,0,0,0,0,1,0,1,0,0.3075013208335662,0.3075013208335662
regular,0.0,1.0,64,72,2026092875,0.0,1.0,0.0,completed,none,2.7155427859934145,bounded_search_completed,bounded_search_completed,200.0,400.0,0,0,0,0,0,0,1,0,1,0,-7.245167561277661,-7.245167561277661
regular,0.0,1.0,64,73,2026092876,0.0,1.0,0.0,completed,none,13.524744648831923,bounded_search_completed,bounded_search_completed,200.0,400.0,0,0,0,0,0,0,0,1,1,0,-39.57735158609215,-39.57735158609215
regular,0.0,1.0,64,74,2026092877,0.0,1.0,0.0,completed,none,0.5990852629995642,bounded_search_completed,bounded_search_completed,200.0,400.0,0,0,0,0,0,0,1,0,1,0,-18.962345518122532,-18.962345518122532
regular,0.0,1.0,64,75,2026092878,0.0,1.0,0.0,completed,none,1.7173983508799926,bounded_search_completed,bounded_search_completed,200.0,400.0,0,0,0,0,0,0,1,0,1,0,-0.8258615775162994,-0.8258615775162994
regular,0.0,1.0,64,76,2026092879,0.0,1.0,0.0,completed,none,9.216213721057292,bounded_search_completed,bounded_search_completed,200.0,400.0,0,0,0,0,0,0,0,1,1,0,-7.021590705621589,-7.021590705621589
regular,0.0,1.0,64,77,2026092880,0.0,1.0,0.0,completed,none,3.3677801550177344,bounded_search_completed,bounded_search_completed,200.0,400.0,0,0,0,0,0,0,1,0,1,0,-3.389887713749209,-3.389887713749209
regular,0.0,1.0,64,78,2026092881,0.0,1.0,0.0,completed,none,0.8074976722163332,bounded_search_completed,bounded_search_completed,200.0,400.0,0,0,0,0,0,0,1,0,1,0,-208.333241416794,-208.333241416794
regular,0.0,1.0,64,79,2026092882,0.0,1.0,0.0,completed,none,7.028827412374823,bounded_search_completed,bounded_search_completed,200.0,400.0,0,0,0,0,0,0,0,1,1,0,-1.9311354572054,-1.9311354572054
regular,0.0,1.0,64,80,2026092883,0.0,1.0,0.0,completed,none,9.188825175161053,bounded_search_completed,bounded_search_completed,200.0,400.0,0,0,0,0,0,0,0,1,1,0,-0.751492040399544,-0.751492040399544
regular,0.0,1.0,64,81,2026092884,0.0,1.0,0.0,completed,none,3.3207182877382535,bounded_search_completed,bounded_search_completed,200.0,400.0,0,0,0,0,0,0,1,0,1,0,-0.5564305583547515,-0.5564305583547515
regular,0.0,1.0,64,82,2026092885,0.0,1.0,0.0,completed,none,3.5297489575211034,bounded_search_completed,bounded_search_completed,200.0,400.0,0,0,0,0,0,0,1,0,1,0,-30.464403564952764,-30.464403564952764
regular,0.0,1.0,64,83,2026092886,0.0,1.0,0.0,completed,none,3.412716610117083,bounded_search_completed,bounded_search_completed,200.0,400.0,0,0,0,0,0,0,1,0,1,0,-4.904494520941075,-4.904494520941075
regular,0.0,1.0,64,84,2026092887,0.0,1.0,0.0,completed,none,3.560686028047406,bounded_search_completed,bounded_search_completed,200.0,400.0,0,0,0,0,0,0,1,0,1,0,-32.10826174350777,-32.10826174350777
regular,0.0,1.0,64,85,2026092888,0.0,1.0,0.0,completed,none,13.125152101063993,bounded_search_completed,bounded_search_completed,200.0,400.0,0,0,0,0,0,0,0,1,1,0,1.098771758942938,1.098771758942938
regular,0.0,1.0,64,86,2026092889,0.0,1.0,0.0,completed,none,1.9000120867276469,bounded_search_completed,bounded_search_completed,200.0,400.0,0,0,0,0,0,0,1,0,1,0,-1.7068103462270088,-1.7068103462270088
regular,0.0,1.0,64,87,2026092890,0.0,1.0,0.0,completed,none,4.26196761775161,bounded_search_completed,bounded_search_completed,200.0,400.0,0,0,0,0,0,0,1,0,1,0,-0.8976283768642865,-0.8976283768642865
regular,0.0,1.0,64,88,2026092891,0.0,1.0,0.0,completed,none,6.59460583054084,bounded_search_completed,bounded_search_completed,200.0,400.0,0,0,0,0,0,0,1,0,1,0,-10.421591187864808,-10.421591187864808
regular,0.0,1.0,64,89,2026092892,0.0,1.0,0.0,completed,none,4.373359318836924,bounded_search_completed,bounded_search_completed,200.0,400.0,0,0,0,0,0,0,1,0,1,0,-2.427325782678629,-2.427325782678629
regular,0.0,1.0,64,90,2026092893,0.0,1.0,0.0,completed,none,7.853576215857998,bounded_search_completed,bounded_search_completed,200.0,400.0,0,0,0,0,0,0,1,0,1,0,-4.449738318835703,-4.449738318835703
regular,0.0,1.0,64,91,2026092894,0.0,1.0,0.0,completed,none,6.312903194006789,bounded_search_completed,bounded_search_completed,200.0,400.0,0,0,0,0,0,0,1,0,1,0,-2.406015442814411,-2.406015442814411
regular,0.0,1.0,64,92,2026092895,0.0,1.0,0.0,completed,none,0.0,bounded_search_completed,bounded_search_completed,200.0,400.0,0,0,0,0,0,0,1,0,1,0,-19.383012055304455,-19.383012055304455
regular,0.0,1.0,64,93,2026092896,0.0,1.0,0.0,completed,none,2.003811140521362,bounded_search_completed,bounded_search_completed,200.0,400.0,0,0,0,0,0,0,1,0,1,0,-4.3405180812620365,-4.3405180812620365
regular,0.0,1.0,64,94,2026092897,0.0,1.0,0.0,completed,none,8.166504531564504,bounded_search_completed,bounded_search_completed,200.0,400.0,0,0,0,0,0,0,0,1,1,0,-82.68577731582045,-82.68577731582045
regular,0.0,1.0,64,95,2026092898,0.0,1.0,0.0,completed,none,4.330487974779873,bounded_search_completed,bounded_search_completed,200.0,400.0,0,0,0,0,0,0,0,1,1,0,-42.67077384957574,-42.67077384957574
regular,0.0,1.0,64,96,2026092899,0.0,1.0,0.0,completed,none,1.6725507100950119,bounded_search_completed,bounded_search_completed,200.0,400.0,0,0,0,0,0,0,1,0,1,0,-0.26194933204348203,-0.26194933204348203
regular,0.0,1.0,64,97,2026092900,0.0,1.0,0.0,completed,none,0.4492769012624698,bounded_search_completed,bounded_search_completed,200.0,400.0,0,0,0,0,0,0,1,0,1,0,-10.68013198575073,-10.68013198575073
regular,0.0,1.0,64,98,2026092901,0.0,1.0,0.0,completed,none,0.0,bounded_search_completed,bounded_search_completed,200.0,400.0,0,0,0,0,0,0,1,0,1,0,-91.92914419370481,-91.92914419370481
regular,0.0,1.0,64,99,2026092902,0.0,1.0,0.0,completed,none,9.341144977330632,bounded_search_completed,bounded_search_completed,200.0,400.0,0,0,0,0,0,0,0,1,1,0,-0.3458128560967424,-0.3458128560967424
regular,0.0,1.0,64,100,2026092903,0.0,1.0,0.0,completed,none,16.765877020760307,bounded_search_completed,bounded_search_completed,200.0,400.0,0,0,0,0,0,0,0,1,1,0,2.0292248513073297,2.0292248513073297
regular,0.0,1.0,256,1,2026092904,0.0,1.0,0.0,completed,none,2.346567387014193,bounded_search_completed,bounded_search_completed,200.0,400.0,0,0,0,0,0,0,1,0,1,0,-33.68722169365509,-33.68722169365509
regular,0.0,1.0,256,2,2026092905,0.0,1.0,0.0,completed,none,4.90012776980096,bounded_search_completed,bounded_search_completed,200.0,400.0,0,0,0,0,0,0,1,0,1,0,-12.79633521730051,-12.79633521730051
regular,0.0,1.0,256,3,2026092906,0.0,1.0,0.0,completed,none,6.2806921413321986,bounded_search_completed,bounded_search_completed,200.0,400.0,0,0,0,0,0,0,0,1,1,0,-0.7022969551044298,-0.7022969551044298
regular,0.0,1.0,256,4,2026092907,0.0,1.0,0.0,completed,none,6.368822232956366,bounded_search_completed,bounded_search_completed,200.0,400.0,0,0,0,0,0,0,1,0,1,0,-2.4643058808972,-2.4643058808972
regular,0.0,1.0,256,5,2026092908,0.0,1.0,0.0,completed,none,1.634881507666713,bounded_search_completed,bounded_search_completed,200.0,400.0,0,0,0,0,0,0,1,0,1,0,-7.178466012980522,-7.178466012980522
regular,0.0,1.0,256,6,2026092909,0.0,1.0,0.0,completed,none,12.523588691857514,bounded_search_completed,bounded_search_completed,200.0,400.0,0,0,0,0,0,0,0,1,1,0,-0.033253057658924945,-0.033253057658924945
regular,0.0,1.0,256,7,2026092910,0.0,1.0,0.0,completed,none,0.0,bounded_search_completed,bounded_search_completed,200.0,400.0,0,0,0,0,0,0,1,0,1,0,-11.385023088885276,-11.385023088885276
regular,0.0,1.0,256,8,2026092911,0.0,1.0,0.0,completed,none,5.783711570168634,bounded_search_completed,bounded_search_completed,200.0,400.0,0,0,0,0,0,0,1,0,1,0,-2.071253143926384,-2.071253143926384
regular,0.0,1.0,256,9,2026092912,0.0,1.0,0.0,completed,none,2.505087903931043,bounded_search_completed,bounded_search_completed,200.0,400.0,0,0,0,0,0,0,1,0,1,0,-3.425085877947197,-3.425085877947197
regular,0.0,1.0,256,10,2026092913,0.0,1.0,0.0,completed,none,4.248535947541039,bounded_search_completed,bounded_search_completed,200.0,400.0,0,0,0,0,0,0,0,1,1,0,-2.3427638673634874,-2.3427638673634874
regular,0.0,1.0,256,11,2026092914,0.0,1.0,0.0,completed,none,3.035970810913576,bounded_search_completed,bounded_search_completed,200.0,400.0,0,0,0,0,0,0,1,0,1,0,-64.0877211876423,-64.0877211876423
regular,0.0,1.0,256,12,2026092915,0.0,1.0,0.0,completed,none,5.270477250049198,bounded_search_completed,bounded_search_completed,200.0,400.0,0,0,0,0,0,0,1,0,1,0,-0.39159971791011117,-0.39159971791011117
regular,0.0,1.0,256,13,2026092916,0.0,1.0,0.0,completed,none,16.280634247919824,bounded_search_completed,bounded_search_completed,200.0,400.0,0,0,0,0,0,0,0,1,1,0,1.536200941515034,1.536200941515034
regular,0.0,1.0,256,14,2026092917,0.0,1.0,0.0,completed,none,11.20380804973186,bounded_search_completed,bounded_search_completed,200.0,400.0,0,0,0,0,0,0,0,1,1,0,-1.184439709934054,-1.184439709934054
regular,0.0,1.0,256,15,2026092918,0.0,1.0,0.0,completed,none,21.554076694492288,bounded_search_completed,bounded_search_completed,200.0,400.0,0,0,0,0,0,0,0,1,1,0,2.8353457255191756,2.8353457255191756
regular,0.0,1.0,256,16,2026092919,0.0,1.0,0.0,completed,none,4.47239505600434,bounded_search_completed,bounded_search_completed,200.0,400.0,0,0,0,0,0,0,1,0,1,0,-2.978006332335582,-2.978006332335582
regular,0.0,1.0,256,17,2026092920,0.0,1.0,0.0,completed,none,23.203791146314185,bounded_search_completed,bounded_search_completed,200.0,400.0,0,0,0,0,0,0,0,1,1,0,-0.4732761195917874,-0.4732761195917874
regular,0.0,1.0,256,18,2026092921,0.0,1.0,0.0,completed,none,8.987842370527815,bounded_search_completed,bounded_search_completed,200.0,400.0,0,0,0,0,0,0,0,1,1,0,-2.670177242725373,-2.670177242725373
regular,0.0,1.0,256,19,2026092922,0.0,1.0,0.0,completed,none,1.446149296125651,bounded_search_completed,bounded_search_completed,200.0,400.0,0,0,0,0,0,0,1,0,1,0,-0.337227914473857,-0.337227914473857
regular,0.0,1.0,256,20,2026092923,0.0,1.0,0.0,completed,none,2.785825116569508,bounded_search_completed,bounded_search_completed,200.0,400.0,0,0,0,0,0,0,1,0,1,0,-19.03013013865538,-19.03013013865538
regular,0.0,1.0,256,21,2026092924,0.0,1.0,0.0,completed,none,4.702548494724315,bounded_search_completed,bounded_search_completed,200.0,400.0,0,0,0,0,0,0,1,0,1,0,-2.8480932243413974,-2.8480932243413974
regular,0.0,1.0,256,22,2026092925,0.0,1.0,0.0,completed,none,7.534892698586437,bounded_search_completed,bounded_search_completed,200.0,400.0,0,0,0,0,0,0,0,1,1,0,0.1441787459107502,0.1441787459107502
regular,0.0,1.0,256,23,2026092926,0.0,1.0,0.0,completed,none,9.427905168134023,bounded_search_completed,bounded_search_completed,200.0,400.0,0,0,0,0,0,0,0,1,1,0,-3.377292359242688,-3.377292359242688
regular,0.0,1.0,256,24,2026092927,0.0,1.0,0.0,completed,none,3.142278423437774,bounded_search_completed,bounded_search_completed,200.0,400.0,0,0,0,0,0,0,1,0,1,0,-136.66264869552373,-136.66264869552373
regular,0.0,1.0,256,25,2026092928,0.0,1.0,0.0,completed,none,4.699569241176636,bounded_search_completed,bounded_search_completed,200.0,400.0,0,0,0,0,0,0,0,1,1,0,-1.0560863244377856,-1.0560863244377856
regular,0.0,1.0,256,26,2026092929,0.0,1.0,0.0,completed,none,3.309401611716849,bounded_search_completed,bounded_search_completed,200.0,400.0,0,0,0,0,0,0,1,0,1,0,-0.6588866815875178,-0.6588866815875178
regular,0.0,1.0,256,27,2026092930,0.0,1.0,0.0,completed,none,4.155440070445896,bounded_search_completed,bounded_search_completed,200.0,400.0,0,0,0,0,0,0,1,0,1,0,-1.495195141948102,-1.495195141948102
regular,0.0,1.0,256,28,2026092931,0.0,1.0,0.0,completed,none,14.276042831063272,bounded_search_completed,bounded_search_completed,200.0,400.0,0,0,0,0,0,0,0,1,1,0,1.1920371093956987,1.1920371093956987
regular,0.0,1.0,256,29,2026092932,0.0,1.0,0.0,completed,none,7.508700809469885,bounded_search_completed,bounded_search_completed,200.0,400.0,0,0,0,0,0,0,0,1,1,0,0.10798165391335601,0.10798165391335601
regular,0.0,1.0,256,30,2026092933,0.0,1.0,0.0,completed,none,5.137972489532841,bounded_search_completed,bounded_search_completed,200.0,400.0,0,0,0,0,0,0,1,0,1,0,-0.19776231397293031,-0.19776231397293031
regular,0.0,1.0,256,31,2026092934,0.0,1.0,0.0,completed,none,10.487829950538373,bounded_search_completed,bounded_search_completed,200.0,400.0,0,0,0,0,0,0,0,1,1,0,0.9418507798375515,0.9418507798375515
regular,0.0,1.0,256,32,2026092935,0.0,1.0,0.0,completed,none,4.105573799920301,bounded_search_completed,bounded_search_completed,200.0,400.0,0,0,0,0,0,0,0,1,1,0,0.46757947533834,0.46757947533834
regular,0.0,1.0,256,33,2026092936,0.0,1.0,0.0,completed,none,1.4184921879230472,bounded_search_completed,bounded_search_completed,200.0,400.0,0,0,0,0,0,0,1,0,1,0,-0.004163697294160329,-0.004163697294160329
regular,0.0,1.0,256,34,2026092937,0.0,1.0,0.0,completed,none,2.7635063760964607,bounded_search_completed,bounded_search_completed,200.0,400.0,0,0,0,0,0,0,1,0,1,0,-5.591397050407579,-5.591397050407579
regular,0.0,1.0,256,35,2026092938,0.0,1.0,0.0,completed,none,8.974806274532918,bounded_search_completed,bounded_search_completed,200.0,400.0,0,0,0,0,0,0,0,1,1,0,1.3259500984439967,1.3259500984439967
regular,0.0,1.0,256,36,2026092939,0.0,1.0,0.0,completed,none,3.949397839452783,bounded_search_completed,bounded_search_completed,200.0,400.0,0,0,0,0,0,0,1,0,1,0,-8.519386190373922,-8.519386190373922
regular,0.0,1.0,256,37,2026092940,0.0,1.0,0.0,completed,none,18.64039423904,bounded_search_completed,bounded_search_completed,200.0,400.0,0,0,0,0,0,0,0,1,1,0,2.074419904636187,2.074419904636187
regular,0.0,1.0,256,38,2026092941,0.0,1.0,0.0,completed,none,4.482708316128376,bounded_search_completed,bounded_search_completed,200.0,400.0,0,0,0,0,0,0,0,1,1,0,-1.6754872922214759,-1.6754872922214759
regular,0.0,1.0,256,39,2026092942,0.0,1.0,0.0,completed,none,2.1842381153351407,bounded_search_completed,bounded_search_completed,200.0,400.0,0,0,0,0,0,0,1,0,1,0,-9.685992086483111,-9.685992086483111
regular,0.0,1.0,256,40,2026092943,0.0,1.0,0.0,completed,none,14.326466794833879,bounded_search_completed,bounded_search_completed,200.0,400.0,0,0,0,0,0,0,0,1,1,0,0.5817599167889398,0.5817599167889398
regular,0.0,1.0,256,41,2026092944,0.0,1.0,0.0,completed,none,13.807433605907141,bounded_search_completed,bounded_search_completed,200.0,400.0,0,0,0,0,0,0,0,1,1,0,1.4054778964661239,1.4054778964661239
regular,0.0,1.0,256,42,2026092945,0.0,1.0,0.0,completed,none,2.353236596731181,bounded_search_completed,bounded_search_completed,200.0,400.0,0,0,0,0,0,0,1,0,1,0,-2.9007648585184995,-2.9007648585184995
regular,0.0,1.0,256,43,2026092946,0.0,1.0,0.0,completed,none,4.841412907262841,bounded_search_completed,bounded_search_completed,200.0,400.0,0,0,0,0,0,0,1,0,1,0,-16.16801528247632,-16.16801528247632
regular,0.0,1.0,256,44,2026092947,0.0,1.0,0.0,completed,none,10.453820416237424,bounded_search_completed,bounded_search_completed,200.0,400.0,0,0,0,0,0,0,0,1,1,0,1.1230241314916327,1.1230241314916327
regular,0.0,1.0,256,45,2026092948,0.0,1.0,0.0,completed,none,5.292142519005957,bounded_search_completed,bounded_search_completed,200.0,400.0,0,0,0,0,0,0,1,0,1,0,-1.7772228273382495,-1.7772228273382495
regular,0.0,1.0,256,46,2026092949,0.0,1.0,0.0,completed,none,3.1992069820242226,bounded_search_completed,bounded_search_completed,200.0,400.0,0,0,0,0,0,0,1,0,1,0,-5.427190555915416,-5.427190555915416
regular,0.0,1.0,256,47,2026092950,0.0,1.0,0.0,completed,none,4.2905691243380115,bounded_search_completed,bounded_search_completed,200.0,400.0,0,0,0,0,0,0,1,0,1,0,-259.8615872479668,-259.8615872479668
regular,0.0,1.0,256,48,2026092951,0.0,1.0,0.0,completed,none,2.4343873353434176,bounded_search_completed,bounded_search_completed,200.0,400.0,0,0,0,0,0,0,1,0,1,0,-1.3902527830991573,-1.3902527830991573
regular,0.0,1.0,256,49,2026092952,0.0,1.0,0.0,completed,none,12.7472988829733,bounded_search_completed,bounded_search_completed,200.0,400.0,0,0,0,0,0,0,0,1,1,0,-1.339054049108796,-1.339054049108796
regular,0.0,1.0,256,50,2026092953,0.0,1.0,0.0,completed,none,6.083520170161877,bounded_search_completed,bounded_search_completed,200.0,400.0,0,0,0,0,0,0,1,0,1,0,-3.006984258091734,-3.006984258091734
regular,0.0,1.0,256,51,2026092954,0.0,1.0,0.0,completed,none,3.499463612727384,bounded_search_completed,bounded_search_completed,200.0,400.0,0,0,0,0,0,0,1,0,1,0,-48.89938137937732,-48.89938137937732
regular,0.0,1.0,256,52,2026092955,0.0,1.0,0.0,completed,none,17.91224686054949,bounded_search_completed,bounded_search_completed,200.0,400.0,0,0,0,0,0,0,0,1,1,0,0.6861743880206745,0.6861743880206745
regular,0.0,1.0,256,53,2026092956,0.0,1.0,0.0,completed,none,24.8696271084273,bounded_search_completed,bounded_search_completed,200.0,400.0,0,0,0,0,0,0,0,1,1,0,-3.8886106193728835,-3.8886106193728835
regular,0.0,1.0,256,54,2026092957,0.0,1.0,0.0,completed,none,4.590481885535373,bounded_search_completed,bounded_search_completed,200.0,400.0,0,0,0,0,0,0,1,0,1,0,-6.679870007932237,-6.679870007932237
regular,0.0,1.0,256,55,2026092958,0.0,1.0,0.0,completed,none,6.353368003917692,bounded_search_completed,bounded_search_completed,200.0,400.0,0,0,0,0,0,0,0,1,1,0,0.42193172324482475,0.42193172324482475
regular,0.0,1.0,256,56,2026092959,0.0,1.0,0.0,completed,none,4.7290803712805065,bounded_search_completed,bounded_search_completed,200.0,400.0,0,0,0,0,0,0,1,0,1,0,-0.11851952039796743,-0.11851952039796743
regular,0.0,1.0,256,57,2026092960,0.0,1.0,0.0,completed,none,0.0,bounded_search_completed,bounded_search_completed,200.0,400.0,0,0,0,0,0,0,1,0,1,0,-2.8335269162511736,-2.8335269162511736
regular,0.0,1.0,256,58,2026092961,0.0,1.0,0.0,completed,none,4.7430329027465925,bounded_search_completed,bounded_search_completed,200.0,400.0,0,0,0,0,0,0,1,0,1,0,-4.9668523325599665,-4.9668523325599665
regular,0.0,1.0,256,59,2026092962,0.0,1.0,0.0,completed,none,15.712864668995195,bounded_search_completed,bounded_search_completed,200.0,400.0,0,0,0,0,0,0,0,1,1,0,-24.01735167011617,-24.01735167011617
regular,0.0,1.0,256,60,2026092963,0.0,1.0,0.0,completed,none,0.41164985920039443,bounded_search_completed,bounded_search_completed,200.0,400.0,0,0,0,0,0,0,1,0,1,0,-12.373997848034264,-12.373997848034264
regular,0.0,1.0,256,61,2026092964,0.0,1.0,0.0,completed,none,2.0048744485378136,bounded_search_completed,bounded_search_completed,200.0,400.0,0,0,0,0,0,0,1,0,1,0,-2.06001118772906,-2.06001118772906
regular,0.0,1.0,256,62,2026092965,0.0,1.0,0.0,completed,none,7.785658471030081,bounded_search_completed,bounded_search_completed,200.0,400.0,0,0,0,0,0,0,0,1,1,0,-15.110302734265929,-15.110302734265929
regular,0.0,1.0,256,63,2026092966,0.0,1.0,0.0,completed,none,8.502124499936174,bounded_search_completed,bounded_search_completed,200.0,400.0,0,0,0,0,0,0,0,1,1,0,-0.4585258997851156,-0.4585258997851156
regular,0.0,1.0,256,64,2026092967,0.0,1.0,0.0,completed,none,3.143930942279945,bounded_search_completed,bounded_search_completed,200.0,400.0,0,0,0,0,0,0,1,0,1,0,-3.4464790079413206,-3.4464790079413206
regular,0.0,1.0,256,65,2026092968,0.0,1.0,0.0,completed,none,5.5442278153643745,bounded_search_completed,bounded_search_completed,200.0,400.0,0,0,0,0,0,0,1,0,1,0,-18.39352167818049,-18.39352167818049
regular,0.0,1.0,256,66,2026092969,0.0,1.0,0.0,completed,none,0.3312712842777166,bounded_search_completed,bounded_search_completed,200.0,400.0,0,0,0,0,0,0,1,0,1,0,-0.25361289146528065,-0.25361289146528065
regular,0.0,1.0,256,67,2026092970,0.0,1.0,0.0,completed,none,2.585885366609414,bounded_search_completed,bounded_search_completed,200.0,400.0,0,0,0,0,0,0,1,0,1,0,-0.09304345301586636,-0.09304345301586636
regular,0.0,1.0,256,68,2026092971,0.0,1.0,0.0,completed,none,9.742491379529218,bounded_search_completed,bounded_search_completed,200.0,400.0,0,0,0,0,0,0,0,1,1,0,0.9523741944459232,0.9523741944459232
regular,0.0,1.0,256,69,2026092972,0.0,1.0,0.0,completed,none,3.0126888650318717,bounded_search_completed,bounded_search_completed,200.0,400.0,0,0,0,0,0,0,1,0,1,0,-1.9131421657607177,-1.9131421657607177
regular,0.0,1.0,256,70,2026092973,0.0,1.0,0.0,completed,none,5.8617600318319525,bounded_search_completed,bounded_search_completed,200.0,400.0,0,0,0,0,0,0,1,0,1,0,-5.301842491415357,-5.301842491415357
regular,0.0,1.0,256,71,2026092974,0.0,1.0,0.0,completed,none,9.013034713148656,bounded_search_completed,bounded_search_completed,200.0,400.0,0,0,0,0,0,0,0,1,1,0,-4.656492615836811,-4.656492615836811
regular,0.0,1.0,256,72,2026092975,0.0,1.0,0.0,completed,none,8.486324358120948,bounded_search_completed,bounded_search_completed,200.0,400.0,0,0,0,0,0,0,0,1,1,0,-9.614045413572313,-9.614045413572313
regular,0.0,1.0,256,73,2026092976,0.0,1.0,0.0,completed,none,6.781916185137768,bounded_search_completed,bounded_search_completed,200.0,400.0,0,0,0,0,0,0,0,1,1,0,-8.049021272973675,-8.049021272973675
regular,0.0,1.0,256,74,2026092977,0.0,1.0,0.0,completed,none,0.0,bounded_search_completed,bounded_search_completed,200.0,400.0,0,0,0,0,0,0,1,0,1,0,-18.249243882571676,-18.249243882571676
regular,0.0,1.0,256,75,2026092978,0.0,1.0,0.0,completed,none,4.422404702961777,bounded_search_completed,bounded_search_completed,200.0,400.0,0,0,0,0,0,0,1,0,1,0,-4.0891331567282805,-4.0891331567282805
regular,0.0,1.0,256,76,2026092979,0.0,1.0,0.0,completed,none,1.6460663685762218,bounded_search_completed,bounded_search_completed,200.0,400.0,0,0,0,0,0,0,1,0,1,0,-18.136334374352998,-18.136334374352998
regular,0.0,1.0,256,77,2026092980,0.0,1.0,0.0,completed,none,5.158116395754464,bounded_search_completed,bounded_search_completed,200.0,400.0,0,0,0,0,0,0,1,0,1,0,0.6945413960866063,0.6945413960866063
regular,0.0,1.0,256,78,2026092981,0.0,1.0,0.0,completed,none,5.255465444339954,bounded_search_completed,bounded_search_completed,200.0,400.0,0,0,0,0,0,0,1,0,1,0,-5.519311195250793,-5.519311195250793
regular,0.0,1.0,256,79,2026092982,0.0,1.0,0.0,completed,none,20.210952355019238,bounded_search_completed,bounded_search_completed,200.0,400.0,0,0,0,0,0,0,0,1,1,0,-6.155359386674775,-6.155359386674775
regular,0.0,1.0,256,80,2026092983,0.0,1.0,0.0,completed,none,3.3364019091779364,bounded_search_completed,bounded_search_completed,200.0,400.0,0,0,0,0,0,0,1,0,1,0,-114.80238406290971,-114.80238406290971
regular,0.0,1.0,256,81,2026092984,0.0,1.0,0.0,completed,none,9.963850583157802,bounded_search_completed,bounded_search_completed,200.0,400.0,0,0,0,0,0,0,0,1,1,0,-2.7436676314478348,-2.7436676314478348
regular,0.0,1.0,256,82,2026092985,0.0,1.0,0.0,completed,none,11.161832113831785,bounded_search_completed,bounded_search_completed,200.0,400.0,0,0,0,0,0,0,0,1,1,0,1.18218003275706,1.18218003275706
regular,0.0,1.0,256,83,2026092986,0.0,1.0,0.0,completed,none,0.0,bounded_search_completed,bounded_search_completed,200.0,400.0,0,0,0,0,0,0,1,0,1,0,-16.46557212362646,-16.46557212362646
regular,0.0,1.0,256,84,2026092987,0.0,1.0,0.0,completed,none,1.4101328426986866,bounded_search_completed,bounded_search_completed,200.0,400.0,0,0,0,0,0,0,1,0,1,0,-51.79061988017435,-51.79061988017435
regular,0.0,1.0,256,85,2026092988,0.0,1.0,0.0,completed,none,2.019321640314543,bounded_search_completed,bounded_search_completed,200.0,400.0,0,0,0,0,0,0,1,0,1,0,-13.56377219300137,-13.56377219300137
regular,0.0,1.0,256,86,2026092989,0.0,1.0,0.0,completed,none,11.93779614931992,bounded_search_completed,bounded_search_completed,200.0,400.0,0,0,0,0,0,0,0,1,1,0,-1.7197036156437093,-1.7197036156437093
regular,0.0,1.0,256,87,2026092990,0.0,1.0,0.0,completed,none,6.099166168372106,bounded_search_completed,bounded_search_completed,200.0,400.0,0,0,0,0,0,0,1,0,1,0,-8.774809848816801,-8.774809848816801
regular,0.0,1.0,256,88,2026092991,0.0,1.0,0.0,completed,none,2.959177546044484,bounded_search_completed,bounded_search_completed,200.0,400.0,0,0,0,0,0,0,1,0,1,0,-135.79747813469345,-135.79747813469345
regular,0.0,1.0,256,89,2026092992,0.0,1.0,0.0,completed,none,13.65796978097064,bounded_search_completed,bounded_search_completed,200.0,400.0,0,0,0,0,0,0,0,1,1,0,-1.5278585884533413,-1.5278585884533413
regular,0.0,1.0,256,90,2026092993,0.0,1.0,0.0,completed,none,4.021797687955444,bounded_search_completed,bounded_search_completed,200.0,400.0,0,0,0,0,0,0,1,0,1,0,-0.5382998041762619,-0.5382998041762619
regular,0.0,1.0,256,91,2026092994,0.0,1.0,0.0,completed,none,9.922338969430074,bounded_search_completed,bounded_search_completed,200.0,400.0,0,0,0,0,0,0,0,1,1,0,-5.815648748801777,-5.815648748801777
regular,0.0,1.0,256,92,2026092995,0.0,1.0,0.0,completed,none,9.992891415557152,bounded_search_completed,bounded_search_completed,200.0,400.0,0,0,0,0,0,0,0,1,1,0,-2.1959452914958035,-2.1959452914958035
regular,0.0,1.0,256,93,2026092996,0.0,1.0,0.0,completed,none,3.607864680552988,bounded_search_completed,bounded_search_completed,200.0,400.0,0,0,0,0,0,0,1,0,1,0,-50.039736804019554,-50.039736804019554
regular,0.0,1.0,256,94,2026092997,0.0,1.0,0.0,completed,none,8.665342406698308,bounded_search_completed,bounded_search_completed,200.0,400.0,0,0,0,0,0,0,0,1,1,0,-2.50126738450237,-2.50126738450237
regular,0.0,1.0,256,95,2026092998,0.0,1.0,0.0,completed,none,0.0,bounded_search_completed,bounded_search_completed,200.0,400.0,0,0,0,0,0,0,1,0,1,0,-595.8038351210374,-595.8038351210374
regular,0.0,1.0,256,96,2026092999,0.0,1.0,0.0,completed,none,6.420892369743622,bounded_search_completed,bounded_search_completed,200.0,400.0,0,0,0,0,0,0,0,1,1,0,-1.4742067112929647,-1.4742067112929647
regular,0.0,1.0,256,97,2026093000,0.0,1.0,0.0,completed,none,23.84385291598569,bounded_search_completed,bounded_search_completed,200.0,400.0,0,0,0,0,0,0,0,1,1,0,1.0511610143198027,1.0511610143198027
regular,0.0,1.0,256,98,2026093001,0.0,1.0,0.0,completed,none,5.514314269392111,bounded_search_completed,bounded_search_completed,200.0,400.0,0,0,0,0,0,0,1,0,1,0,-5.8933870016531955,-5.8933870016531955
regular,0.0,1.0,256,99,2026093002,0.0,1.0,0.0,completed,none,5.572918143035591,bounded_search_completed,bounded_search_completed,200.0,400.0,0,0,0,0,0,0,1,0,1,0,-0.5011827760816914,-0.5011827760816914
regular,0.0,1.0,256,100,2026093003,0.0,1.0,0.0,completed,none,11.817509326306226,bounded_search_completed,bounded_search_completed,200.0,400.0,0,0,0,0,0,0,0,1,1,0,-3.5237743263613197,-3.5237743263613197
regular,0.1,1.0,64,1,2026093004,0.0,1.0,0.0,completed,none,14.317504618476672,bounded_search_completed,bounded_search_completed,200.0,400.0,0,0,0,0,0,0,0,1,1,0,-5.564651687804956,-5.53427083716374
regular,0.1,1.0,64,2,2026093005,0.0,1.0,0.0,completed,none,11.762314572952343,bounded_search_completed,bounded_search_completed,200.0,400.0,0,0,0,0,0,0,0,1,1,0,-0.9871956559195212,-0.9615651329105219
regular,0.1,1.0,64,3,2026093006,0.0,1.0,0.0,completed,none,4.455654928530474,bounded_search_completed,bounded_search_completed,200.0,400.0,0,0,0,0,0,0,0,1,1,0,-0.6925450411347356,-0.6663033364305804
regular,0.1,1.0,64,4,2026093007,0.0,1.0,0.0,completed,none,2.3882621511046027,bounded_search_completed,bounded_search_completed,200.0,400.0,0,0,0,0,0,0,1,0,1,0,-7.1944507816343055,-7.14605087551119
regular,0.1,1.0,64,5,2026093008,0.0,1.0,0.0,completed,none,0.0,bounded_search_completed,bounded_search_completed,200.0,400.0,0,0,0,0,0,0,1,0,1,0,-205.15000559434674,-205.15238236402223
regular,0.1,1.0,64,6,2026093009,0.0,1.0,0.0,completed,none,2.8160407041285387,bounded_search_completed,bounded_search_completed,200.0,400.0,0,0,0,0,0,0,1,0,1,0,-10.54580417284833,-10.504944046261942
regular,0.1,1.0,64,7,2026093010,0.0,1.0,0.0,completed,none,4.17168933260643,bounded_search_completed,bounded_search_completed,200.0,400.0,0,0,0,0,0,0,1,0,1,0,-47.62719103994824,-47.60161222078007
regular,0.1,1.0,64,8,2026093011,0.0,1.0,0.0,completed,none,8.05016627588298,bounded_search_completed,bounded_search_completed,200.0,400.0,0,0,0,0,0,0,0,1,1,0,-21.164671526207194,-21.148580217909405
regular,0.1,1.0,64,9,2026093012,0.0,1.0,0.0,completed,none,0.7203057494159114,bounded_search_completed,bounded_search_completed,200.0,400.0,0,0,0,0,0,0,1,0,1,0,-7.936933114000205,-7.928993955329425
regular,0.1,1.0,64,10,2026093013,0.0,1.0,0.0,completed,none,8.035719424294149,bounded_search_completed,bounded_search_completed,200.0,400.0,0,0,0,0,0,0,0,1,1,0,1.143424125818644,1.1695011160913076
regular,0.1,1.0,64,11,2026093014,0.0,1.0,0.0,completed,none,3.5140613334787076,bounded_search_completed,bounded_search_completed,200.0,400.0,0,0,0,0,0,0,1,0,1,0,-1.4022383538586283,-1.3738164320474269
regular,0.1,1.0,64,12,2026093015,0.0,1.0,0.0,completed,none,0.0,bounded_search_completed,bounded_search_completed,200.0,400.0,0,0,0,0,0,0,1,0,1,0,-10.764330463340642,-10.741846674550288
regular,0.1,1.0,64,13,2026093016,0.0,1.0,0.0,completed,none,8.898595775432016,bounded_search_completed,bounded_search_completed,200.0,400.0,0,0,0,0,0,0,0,1,1,0,-0.49791195281176925,-0.47158961479678396
regular,0.1,1.0,64,14,2026093017,0.0,1.0,0.0,completed,none,5.143348431252413,bounded_search_completed,bounded_search_completed,200.0,400.0,0,0,0,0,0,0,0,1,1,0,0.007694550379643061,0.030229551934905174
regular,0.1,1.0,64,15,2026093018,0.0,1.0,0.0,completed,none,2.902877945100435,bounded_search_completed,bounded_search_completed,200.0,400.0,0,0,0,0,0,0,1,0,1,0,-9.61504550916781,-9.588595726061694
regular,0.1,1.0,64,16,2026093019,0.0,1.0,0.0,completed,none,3.148156450806727,bounded_search_completed,bounded_search_completed,200.0,400.0,0,0,0,0,0,0,1,0,1,0,0.36079094391842403,0.38493415351680227
regular,0.1,1.0,64,17,2026093020,0.0,1.0,0.0,completed,none,4.529215766609679,bounded_search_completed,bounded_search_completed,200.0,400.0,0,0,0,0,0,0,1,0,1,0,-2.823423561904132,-2.8261038386680433
regular,0.1,1.0,64,18,2026093021,0.0,1.0,0.0,completed,none,0.9147055096512442,bounded_search_completed,bounded_search_completed,200.0,400.0,0,0,0,0,0,0,1,0,1,0,-134.0041198528887,-133.96791732379694
regular,0.1,1.0,64,19,2026093022,0.0,1.0,0.0,completed,none,6.214083440170926,bounded_search_completed,bounded_search_completed,200.0,400.0,0,0,0,0,0,0,0,1,1,0,-1.0702511487969275,-1.0421639641144793
regular,0.1,1.0,64,20,2026093023,0.0,1.0,0.0,completed,none,3.6859334548200042,bounded_search_completed,bounded_search_completed,200.0,400.0,0,0,0,0,0,0,1,0,1,0,-6.597662753486313,-6.5925596349064595
regular,0.1,1.0,64,21,2026093024,0.0,1.0,0.0,completed,none,1.8343619460591476,bounded_search_completed,bounded_search_completed,200.0,400.0,0,0,0,0,0,0,1,0,1,0,-15.53238236550156,-15.464662268305338
regular,0.1,1.0,64,22,2026093025,0.0,1.0,0.0,completed,none,5.2018215783410575,bounded_search_completed,bounded_search_completed,200.0,400.0,0,0,0,0,0,0,1,0,1,0,-10.433358213461558,-10.403336654217268
regular,0.1,1.0,64,23,2026093026,0.0,1.0,0.0,completed,none,4.485272393541101,bounded_search_completed,bounded_search_completed,200.0,400.0,0,0,0,0,0,0,1,0,1,0,-0.7920722298744085,-0.7679445090588306
regular,0.1,1.0,64,24,2026093027,0.0,1.0,0.0,completed,none,0.43414467113665955,bounded_search_completed,bounded_search_completed,200.0,400.0,0,0,0,0,0,0,1,0,1,0,-3.290924730919862,-3.264993964036897
regular,0.1,1.0,64,25,2026093028,0.0,1.0,0.0,completed,none,4.829658668469591,bounded_search_completed,bounded_search_completed,200.0,400.0,0,0,0,0,0,0,1,0,1,0,-2.1330936709918724,-2.1076553960395366
regular,0.1,1.0,64,26,2026093029,0.0,1.0,0.0,completed,none,5.697643101838663,bounded_search_completed,bounded_search_completed,200.0,400.0,0,0,0,0,0,0,1,1,1,0,-4.5363306093601246,-4.508923463948587
regular,0.1,1.0,64,27,2026093030,0.0,1.0,0.0,completed,none,2.3816156920833618,bounded_search_completed,bounded_search_completed,200.0,400.0,0,0,0,0,0,0,1,0,1,0,-23.4327667806667,-23.40064896865258
regular,0.1,1.0,64,28,2026093031,0.0,1.0,0.0,completed,none,2.437664095828668,bounded_search_completed,bounded_search_completed,200.0,400.0,0,0,0,0,0,0,1,0,1,0,-17.01769065432378,-17.003616524450862
regular,0.1,1.0,64,29,2026093032,0.0,1.0,0.0,completed,none,13.676330845921647,bounded_search_completed,bounded_search_completed,200.0,400.0,0,0,0,0,0,0,0,1,1,0,-0.5826472793253465,-0.5541236482706644
regular,0.1,1.0,64,30,2026093033,0.0,1.0,0.0,completed,none,5.003899546046095,bounded_search_completed,bounded_search_completed,200.0,400.0,0,0,0,0,0,0,1,0,1,0,-11.086089454803469,-11.041143219287113
regular,0.1,1.0,64,31,2026093034,0.0,1.0,0.0,completed,none,3.833274331017368,bounded_search_completed,bounded_search_completed,200.0,400.0,0,0,0,0,0,0,1,0,1,0,-3.440112443167191,-3.419319095499393
regular,0.1,1.0,64,32,2026093035,0.0,1.0,0.0,completed,none,7.16053444786238,bounded_search_completed,bounded_search_completed,200.0,400.0,0,0,0,0,0,0,0,1,1,0,-2.1144663607441743,-2.1018939146468227
regular,0.1,1.0,64,33,2026093036,0.0,1.0,0.0,completed,none,2.8299655335618565,bounded_search_completed,bounded_search_completed,200.0,400.0,0,0,0,0,0,0,1,0,1,0,-0.20021100918788548,-0.18458176577077623
regular,0.1,1.0,64,34,2026093037,0.0,1.0,0.0,completed,none,2.219148364356745,bounded_search_completed,bounded_search_completed,200.0,400.0,0,0,0,0,0,0,1,0,1,0,-1.1793644969377635,-1.1541180321112972
regular,0.1,1.0,64,35,2026093038,0.0,1.0,0.0,completed,none,3.3128228532454105,bounded_search_completed,bounded_search_completed,200.0,400.0,0,0,0,0,0,0,1,0,1,0,-0.561253422270898,-0.5373623415164168
regular,0.1,1.0,64,36,2026093039,0.0,1.0,0.0,completed,none,4.928269150767085,bounded_search_completed,bounded_search_completed,200.0,400.0,0,0,0,0,0,0,1,0,1,0,0.5815714694208047,0.6032918705469292
regular,0.1,1.0,64,37,2026093040,0.0,1.0,0.0,completed,none,7.836529205617552,bounded_search_completed,bounded_search_completed,200.0,400.0,0,0,0,0,0,0,1,0,1,0,-22.41035811335297,-22.39810547571507
regular,0.1,1.0,64,38,2026093041,0.0,1.0,0.0,completed,none,5.588966550052097,bounded_search_completed,bounded_search_completed,200.0,400.0,0,0,0,0,0,0,0,1,1,0,-0.24203772665369172,-0.22340113193693867
regular,0.1,1.0,64,39,2026093042,0.0,1.0,0.0,completed,none,3.4664615112983204,bounded_search_completed,bounded_search_completed,200.0,400.0,0,0,0,0,0,0,1,0,1,0,-1.9045752654043113,-1.8712763758480833
regular,0.1,1.0,64,40,2026093043,0.0,1.0,0.0,completed,none,4.705238302297426,bounded_search_completed,bounded_search_completed,200.0,400.0,0,0,0,0,0,0,0,1,1,0,0.7123978152136132,0.7366448678608819
regular,0.1,1.0,64,41,2026093044,0.0,1.0,0.0,completed,none,6.502325312321914,bounded_search_completed,bounded_search_completed,200.0,400.0,0,0,0,0,0,0,1,0,1,0,-3.8769121111304266,-3.8457840516834985
regular,0.1,1.0,64,42,2026093045,0.0,1.0,0.0,completed,none,0.0,bounded_search_completed,bounded_search_completed,200.0,400.0,0,0,0,0,0,0,1,0,1,0,-25.263727857565343,-25.246561444711368
regular,0.1,1.0,64,43,2026093046,0.0,1.0,0.0,completed,none,10.466716726568858,bounded_search_completed,bounded_search_completed,200.0,400.0,0,0,0,0,0,0,0,1,1,0,-1.7578094047461335,-1.7329477660382224
regular,0.1,1.0,64,44,2026093047,0.0,1.0,0.0,completed,none,9.186017192857998,bounded_search_completed,bounded_search_completed,200.0,400.0,0,0,0,0,0,0,0,1,1,0,-10.280915028317539,-10.257154995335421
regular,0.1,1.0,64,45,2026093048,0.0,1.0,0.0,completed,none,9.76628353034677,bounded_search_completed,bounded_search_completed,200.0,400.0,0,0,0,0,0,0,0,1,1,0,-1.6684086949144792,-1.645709988025292
regular,0.1,1.0,64,46,2026093049,0.0,1.0,0.0,completed,none,4.4303600128542175,bounded_search_completed,bounded_search_completed,200.0,400.0,0,0,0,0,0,0,1,0,1,0,-1.9436155109591517,-1.9208368645017693
regular,0.1,1.0,64,47,2026093050,0.0,1.0,0.0,completed,none,10.970089304235412,bounded_search_completed,bounded_search_completed,200.0,400.0,0,0,0,0,0,0,0,1,1,0,-1.6235721160442722,-1.6061863141864166
regular,0.1,1.0,64,48,2026093051,0.0,1.0,0.0,completed,none,11.929863466077324,bounded_search_completed,bounded_search_completed,200.0,400.0,0,0,0,0,0,0,0,1,1,0,0.14082251463473483,0.1637338606025196
regular,0.1,1.0,64,49,2026093052,0.0,1.0,0.0,completed,none,4.852259991744605,bounded_search_completed,bounded_search_completed,200.0,400.0,0,0,0,0,0,0,1,0,1,0,-4.192482553333555,-4.164450541561372
regular,0.1,1.0,64,50,2026093053,0.0,1.0,0.0,completed,none,6.463235069447487,bounded_search_completed,bounded_search_completed,200.0,400.0,0,0,0,0,0,0,0,1,1,0,-0.3351588890588175,-0.3126191554907294
regular,0.1,1.0,64,51,2026093054,0.0,1.0,0.0,completed,none,0.0,bounded_search_completed,bounded_search_completed,200.0,400.0,0,0,0,0,0,0,1,0,1,0,-103.69669645178033,-103.67956701444385
regular,0.1,1.0,64,52,2026093055,0.0,1.0,0.0,completed,none,3.3711515755685815,bounded_search_completed,bounded_search_completed,200.0,400.0,0,0,0,0,0,0,1,0,1,0,-6.531348508477313,-6.517220334041417
regular,0.1,1.0,64,53,2026093056,0.0,1.0,0.0,completed,none,1.6608832322291311,bounded_search_completed,bounded_search_completed,200.0,400.0,0,0,0,0,0,0,1,0,1,0,-87.66199891548918,-87.61380327297316
regular,0.1,1.0,64,54,2026093057,0.0,1.0,0.0,completed,none,2.820591105627597,bounded_search_completed,bounded_search_completed,200.0,400.0,0,0,0,0,0,0,1,0,1,0,-54.622418846217016,-54.582713788551246
regular,0.1,1.0,64,55,2026093058,0.0,1.0,0.0,completed,none,6.251025194294725,bounded_search_completed,bounded_search_completed,200.0,400.0,0,0,0,0,0,0,1,0,1,0,-1.2586478651022546,-1.2474189046491873
regular,0.1,1.0,64,56,2026093059,0.0,1.0,0.0,completed,none,1.7669387718728307,bounded_search_completed,bounded_search_completed,200.0,400.0,0,0,0,0,0,0,1,0,1,0,-0.7653658626740203,-0.7380997955725483
regular,0.1,1.0,64,57,2026093060,0.0,1.0,0.0,completed,none,1.1963385402325935,bounded_search_completed,bounded_search_completed,200.0,400.0,0,0,0,0,0,0,1,0,1,0,-32.31546299809583,-32.256690194176976
regular,0.1,1.0,64,58,2026093061,0.0,1.0,0.0,completed,none,2.597586430197421,bounded_search_completed,bounded_search_completed,200.0,400.0,0,0,0,0,0,0,1,0,1,0,-18.644373323668542,-18.606101681232328
regular,0.1,1.0,64,59,2026093062,0.0,1.0,0.0,completed,none,2.0110509043119245,bounded_search_completed,bounded_search_completed,200.0,400.0,0,0,0,0,0,0,1,0,1,0,-6.562190360469529,-6.563822343677451
regular,0.1,1.0,64,60,2026093063,0.0,1.0,0.0,completed,none,3.051423876354675,bounded_search_completed,bounded_search_completed,200.0,400.0,0,0,0,0,0,0,1,0,1,0,-8.37626045044491,-8.347753021000976
regular,0.1,1.0,64,61,2026093064,0.0,1.0,0.0,completed,none,1.0076957962009518,bounded_search_completed,bounded_search_completed,200.0,400.0,0,0,0,0,0,0,1,0,1,0,-1.3589708875183035,-1.3337533902317702
regular,0.1,1.0,64,62,2026093065,0.0,1.0,0.0,completed,none,11.211209678556557,bounded_search_completed,bounded_search_completed,200.0,400.0,0,0,0,0,0,0,0,1,1,0,1.6176137977093354,1.6421615936945066
regular,0.1,1.0,64,63,2026093066,0.0,1.0,0.0,completed,none,2.124220917893152,bounded_search_completed,bounded_search_completed,200.0,400.0,0,0,0,0,0,0,1,0,1,0,-14.659021327682868,-14.640353165701033
regular,0.1,1.0,64,64,2026093067,0.0,1.0,0.0,completed,none,3.7636286731589714,bounded_search_completed,bounded_search_completed,200.0,400.0,0,0,0,0,0,0,1,0,1,0,-10.120886046903971,-10.072829963128038
regular,0.1,1.0,64,65,2026093068,0.0,1.0,0.0,completed,none,0.13674593169224916,bounded_search_completed,bounded_search_completed,200.0,400.0,0,0,0,0,0,0,1,0,1,0,-253.14451259901867,-253.06952482446576
regular,0.1,1.0,64,66,2026093069,0.0,1.0,0.0,completed,none,19.78900788348595,bounded_search_completed,bounded_search_completed,200.0,400.0,0,0,0,0,0,0,0,1,1,0,0.031534554409741844,0.056434176504357225
regular,0.1,1.0,64,67,2026093070,0.0,1.0,0.0,completed,none,7.4463597790102645,bounded_search_completed,bounded_search_completed,200.0,400.0,0,0,0,0,0,0,1,0,1,0,-0.5248764557507961,-0.49813346344573617
regular,0.1,1.0,64,68,2026093071,0.0,1.0,0.0,completed,none,7.286636635736202,bounded_search_completed,bounded_search_completed,200.0,400.0,0,0,0,0,0,0,1,0,1,0,-7.5404272899830715,-7.516574152853956
regular,0.1,1.0,64,69,2026093072,0.0,1.0,0.0,completed,none,2.9296077765465274,bounded_search_completed,bounded_search_completed,200.0,400.0,0,0,0,0,0,0,1,0,1,0,-2.8838815199688224,-2.868410188528065
regular,0.1,1.0,64,70,2026093073,0.0,1.0,0.0,completed,none,5.316446277885886,bounded_search_completed,bounded_search_completed,200.0,400.0,0,0,0,0,0,0,1,0,1,0,-4.315128840095671,-4.28809279179384
regular,0.1,1.0,64,71,2026093074,0.0,1.0,0.0,completed,none,1.2945488665446816,bounded_search_completed,bounded_search_completed,200.0,400.0,0,0,0,0,0,0,1,0,1,0,-6.152313793404865,-6.157470831050162
regular,0.1,1.0,64,72,2026093075,0.0,1.0,0.0,completed,none,6.706867335410105,bounded_search_completed,bounded_search_completed,200.0,400.0,0,0,0,0,0,0,1,0,1,0,-0.40952358219144713,-0.3837258050172707
regular,0.1,1.0,64,73,2026093076,0.0,1.0,0.0,completed,none,6.448827553332592,bounded_search_completed,bounded_search_completed,200.0,400.0,0,0,0,0,0,0,1,0,1,0,-3.0601113607807733,-3.027102595731165
regular,0.1,1.0,64,74,2026093077,0.0,1.0,0.0,completed,none,7.4486969898326265,bounded_search_completed,bounded_search_completed,200.0,400.0,0,0,0,0,0,0,1,0,1,0,-5.340049840038855,-5.315110319485509
regular,0.1,1.0,64,75,2026093078,0.0,1.0,0.0,completed,none,4.098153736102147,bounded_search_completed,bounded_search_completed,200.0,400.0,0,0,0,0,0,0,1,0,1,0,0.085697737152298,0.11027991751177879
regular,0.1,1.0,64,76,2026093079,0.0,1.0,0.0,completed,none,2.1103001189851867,bounded_search_completed,bounded_search_completed,200.0,400.0,0,0,0,0,0,0,1,0,1,0,-7.865726824667028,-7.850669034836137
regular,0.1,1.0,64,77,2026093080,0.0,1.0,0.0,completed,none,3.635174474102243,bounded_search_completed,bounded_search_completed,200.0,400.0,0,0,0,0,0,0,1,0,1,0,0.33744672863037195,0.36681802155225185
regular,0.1,1.0,64,78,2026093081,0.0,1.0,0.0,completed,none,2.6200565821597053,bounded_search_completed,bounded_search_completed,200.0,400.0,0,0,0,0,0,0,1,0,1,0,-84.9767767465422,-84.93223558528852
regular,0.1,1.0,64,79,2026093082,0.0,1.0,0.0,completed,none,2.883756187561431,bounded_search_completed,bounded_search_completed,200.0,400.0,0,0,0,0,0,0,1,0,1,0,-5.711591755709218,-5.6860354093717795
regular,0.1,1.0,64,80,2026093083,0.0,1.0,0.0,completed,none,10.715577049451266,bounded_search_completed,bounded_search_completed,200.0,400.0,0,0,0,0,0,0,0,1,1,0,0.5539700449538962,0.5764803378309828
regular,0.1,1.0,64,81,2026093084,0.0,1.0,0.0,completed,none,6.86563260693819,bounded_search_completed,bounded_search_completed,200.0,400.0,0,0,0,0,0,0,1,1,1,0,-5.425842118316545,-5.40228016099465
regular,0.1,1.0,64,82,2026093085,0.0,1.0,0.0,completed,none,4.506003217504191,bounded_search_completed,bounded_search_completed,200.0,400.0,0,0,0,0,0,0,1,0,1,0,-56.5415846590455,-56.52731005475931
regular,0.1,1.0,64,83,2026093086,0.0,1.0,0.0,completed,none,3.5294980869586894,bounded_search_completed,bounded_search_completed,200.0,400.0,0,0,0,0,0,0,0,1,1,0,-4.402662868455895,-4.378699943913883
regular,0.1,1.0,64,84,2026093087,0.0,1.0,0.0,completed,none,1.8773856374372273,bounded_search_completed,bounded_search_completed,200.0,400.0,0,0,0,0,0,0,1,0,1,0,-6.847977906855569,-6.770202377023153
regular,0.1,1.0,64,85,2026093088,0.0,1.0,0.0,completed,none,0.0,bounded_search_completed,bounded_search_completed,200.0,400.0,0,0,0,0,0,0,1,0,1,0,-354.0019802080794,-353.970099515498
regular,0.1,1.0,64,86,2026093089,0.0,1.0,0.0,completed,none,1.4982805186175316,bounded_search_completed,bounded_search_completed,200.0,400.0,0,0,0,0,0,0,1,0,1,0,-12.594002889344758,-12.556860394178067
regular,0.1,1.0,64,87,2026093090,0.0,1.0,0.0,completed,none,29.799039898195204,bounded_search_completed,bounded_search_completed,200.0,400.0,0,0,0,0,0,0,0,1,0,1,3.3153179264230452,3.340232131813803
regular,0.1,1.0,64,88,2026093091,0.0,1.0,0.0,completed,none,8.460626072229926,bounded_search_completed,bounded_search_completed,200.0,400.0,0,0,0,0,0,0,0,1,1,0,-7.967652684297933,-7.942885269848647
regular,0.1,1.0,64,89,2026093092,0.0,1.0,0.0,completed,none,9.22520936745277,bounded_search_completed,bounded_search_completed,200.0,400.0,0,0,0,0,0,0,0,1,1,0,-5.397164855493864,-5.374228226911969
regular,0.1,1.0,64,90,2026093093,0.0,1.0,0.0,completed,none,0.11775963781450818,bounded_search_completed,bounded_search_completed,200.0,400.0,0,0,0,0,0,0,1,0,1,0,-0.7162673970656535,-0.7625820303105577
regular,0.1,1.0,64,91,2026093094,0.0,1.0,0.0,completed,none,0.563922291312865,bounded_search_completed,bounded_search_completed,200.0,400.0,0,0,0,0,0,0,1,0,1,0,-14.2479547444329,-14.238551693123814
regular,0.1,1.0,64,92,2026093095,0.0,1.0,0.0,completed,none,1.405007258575644,bounded_search_completed,bounded_search_completed,200.0,400.0,0,0,0,0,0,0,1,0,1,0,-38.72663481897152,-38.666568219780245
regular,0.1,1.0,64,93,2026093096,0.0,1.0,0.0,completed,none,8.795343501233617,bounded_search_completed,bounded_search_completed,200.0,400.0,0,0,0,0,0,0,0,1,1,0,-14.850116048975714,-14.823314091755925
regular,0.1,1.0,64,94,2026093097,0.0,1.0,0.0,completed,none,3.3668375464261753,bounded_search_completed,bounded_search_completed,200.0,400.0,0,0,0,0,0,0,1,0,1,0,-6.218505707286159,-6.201863583730958
regular,0.1,1.0,64,95,2026093098,0.0,1.0,0.0,completed,none,10.161569406483226,bounded_search_completed,bounded_search_completed,200.0,400.0,0,0,0,0,0,0,0,1,1,0,-0.6402767142142878,-0.6129394775269787
regular,0.1,1.0,64,96,2026093099,0.0,1.0,0.0,completed,none,4.2509897313977385,bounded_search_completed,bounded_search_completed,200.0,400.0,0,0,0,0,0,0,1,0,1,0,-12.478002984359936,-12.448544832412619
regular,0.1,1.0,64,97,2026093100,0.0,1.0,0.0,completed,none,11.496907712880734,bounded_search_completed,bounded_search_completed,200.0,400.0,0,0,0,0,0,0,0,1,1,0,-8.668958284783695,-8.641428361909004
regular,0.1,1.0,64,98,2026093101,0.0,1.0,0.0,completed,none,1.9182095413826266,bounded_search_completed,bounded_search_completed,200.0,400.0,0,0,0,0,0,0,1,0,1,0,-4.131257249868408,-4.121980592825796
regular,0.1,1.0,64,99,2026093102,0.0,1.0,0.0,completed,none,2.803918825453575,bounded_search_completed,bounded_search_completed,200.0,400.0,0,0,0,0,0,0,1,0,1,0,-66.71195751978756,-66.69662036410905
regular,0.1,1.0,64,100,2026093103,0.0,1.0,0.0,completed,none,4.122572177036059,bounded_search_completed,bounded_search_completed,200.0,400.0,0,0,0,0,0,0,1,0,1,0,-142.42802588094702,-142.39386012545174
regular,0.1,1.0,256,1,2026093104,0.0,1.0,0.0,completed,none,5.16524491183263,bounded_search_completed,bounded_search_completed,200.0,400.0,0,0,0,0,0,0,0,1,1,0,-3.5070305455438415,-3.4724546869435073
regular,0.1,1.0,256,2,2026093105,0.0,1.0,0.0,completed,none,1.8963173007555918,bounded_search_completed,bounded_search_completed,200.0,400.0,0,0,0,0,0,0,1,0,1,0,-94.07474143475946,-94.01940436708225
regular,0.1,1.0,256,3,2026093106,0.0,1.0,0.0,completed,none,6.169299788129268,bounded_search_completed,bounded_search_completed,200.0,400.0,0,0,0,0,0,0,1,0,1,0,-6.049592924600944,-6.024043362578084
regular,0.1,1.0,256,4,2026093107,0.0,1.0,0.0,completed,none,3.8502561806973685,bounded_search_completed,bounded_search_completed,200.0,400.0,0,0,0,0,0,0,1,0,1,0,-0.415354085606765,-0.3917101445956064
regular,0.1,1.0,256,5,2026093108,0.0,1.0,0.0,completed,none,1.677044427014437,bounded_search_completed,bounded_search_completed,200.0,400.0,0,0,0,0,0,0,1,0,1,0,-12.86296975388916,-12.844866575513493
regular,0.1,1.0,256,6,2026093109,0.0,1.0,0.0,completed,none,0.5116859854929608,bounded_search_completed,bounded_search_completed,200.0,400.0,0,0,0,0,0,0,1,0,1,0,-62.48068915652982,-62.473042535099864
regular,0.1,1.0,256,7,2026093110,0.0,1.0,0.0,completed,none,1.4594815279307036,bounded_search_completed,bounded_search_completed,200.0,400.0,0,0,0,0,0,0,1,0,1,0,-5.663787895162983,-5.637492275692551
regular,0.1,1.0,256,8,2026093111,0.0,1.0,0.0,completed,none,4.766582637328517,bounded_search_completed,bounded_search_completed,200.0,400.0,0,0,0,0,0,0,1,0,1,0,-6.573772872367499,-6.551035872955055
regular,0.1,1.0,256,9,2026093112,0.0,1.0,0.0,completed,none,4.881621323328409,bounded_search_completed,bounded_search_completed,200.0,400.0,0,0,0,0,0,0,0,1,1,0,-0.7564979404911867,-0.741032615316584
regular,0.1,1.0,256,10,2026093113,0.0,1.0,0.0,completed,none,6.79057158264684,bounded_search_completed,bounded_search_completed,200.0,400.0,0,0,0,0,0,0,1,0,1,0,-4.662864353604192,-4.649841183712141
regular,0.1,1.0,256,11,2026093114,0.0,1.0,0.0,completed,none,2.7430970651907542,bounded_search_completed,bounded_search_completed,200.0,400.0,0,0,0,0,0,0,1,0,1,0,-2.9393879685217428,-2.9163672682024355
regular,0.1,1.0,256,12,2026093115,0.0,1.0,0.0,completed,none,1.1382883330887525,bounded_search_completed,bounded_search_completed,200.0,400.0,0,0,0,0,0,0,1,0,1,0,-235.17275593619524,-235.09566838532953
regular,0.1,1.0,256,13,2026093116,0.0,1.0,0.0,completed,none,4.501990994282254,bounded_search_completed,bounded_search_completed,200.0,400.0,0,0,0,0,0,0,1,0,1,0,-6.548752893853731,-6.538775581441968
regular,0.1,1.0,256,14,2026093117,0.0,1.0,0.0,completed,none,4.007758346340596,bounded_search_completed,bounded_search_completed,200.0,400.0,0,0,0,0,0,0,0,1,1,0,0.6277765103200466,0.6543273781026642
regular,0.1,1.0,256,15,2026093118,0.0,1.0,0.0,completed,none,2.275914025992791,bounded_search_completed,bounded_search_completed,200.0,400.0,0,0,0,0,0,0,1,0,1,0,-42.777543563692376,-42.75033471741156
regular,0.1,1.0,256,16,2026093119,0.0,1.0,0.0,completed,none,10.126557922021243,bounded_search_completed,bounded_search_completed,200.0,400.0,0,0,0,0,0,0,0,1,1,0,-4.641170070285455,-4.6120675328336915
regular,0.1,1.0,256,17,2026093120,0.0,1.0,0.0,completed,none,0.6101022164070835,bounded_search_completed,bounded_search_completed,200.0,400.0,0,0,0,0,0,0,1,0,1,0,-10.864263354697528,-10.864169168544151
regular,0.1,1.0,256,18,2026093121,0.0,1.0,0.0,completed,none,6.770544285413362,bounded_search_completed,bounded_search_completed,200.0,400.0,0,0,0,0,0,0,1,0,1,0,0.6893620995953995,0.7152137982357658
regular,0.1,1.0,256,19,2026093122,0.0,1.0,0.0,completed,none,5.5356045025143485,bounded_search_completed,bounded_search_completed,200.0,400.0,0,0,0,0,0,0,0,1,1,0,-1.645299234364785,-1.6329634779658022
regular,0.1,1.0,256,20,2026093123,0.0,1.0,0.0,completed,none,3.9489171267135474,bounded_search_completed,bounded_search_completed,200.0,400.0,0,0,0,0,0,0,1,0,1,0,-5.2789825530537655,-5.260502882145232
regular,0.1,1.0,256,21,2026093124,0.0,1.0,0.0,completed,none,13.225391327269769,bounded_search_completed,bounded_search_completed,200.0,400.0,0,0,0,0,0,0,0,1,1,0,-5.037561789315447,-5.012443348161753
regular,0.1,1.0,256,22,2026093125,0.0,1.0,0.0,completed,none,2.1219141587834005,bounded_search_completed,bounded_search_completed,200.0,400.0,0,0,0,0,0,0,1,0,1,0,-9.274883837135178,-9.234404434939137
regular,0.1,1.0,256,23,2026093126,0.0,1.0,0.0,completed,none,12.768122015698918,bounded_search_completed,bounded_search_completed,200.0,400.0,0,0,0,0,0,0,0,1,1,0,-9.272882885296667,-9.255594603950499
regular,0.1,1.0,256,24,2026093127,0.0,1.0,0.0,completed,none,5.507620524612039,bounded_search_completed,bounded_search_completed,200.0,400.0,0,0,0,0,0,0,1,0,1,0,-0.06170822753580296,-0.04044273151106381
regular,0.1,1.0,256,25,2026093128,0.0,1.0,0.0,completed,none,8.639735563474888,bounded_search_completed,bounded_search_completed,200.0,400.0,0,0,0,0,0,0,0,1,1,0,-1.0143465213092497,-0.9893236602605953
regular,0.1,1.0,256,26,2026093129,0.0,1.0,0.0,completed,none,2.422235187479659,bounded_search_completed,bounded_search_completed,200.0,400.0,0,0,0,0,0,0,1,0,1,0,-21.78609989983042,-21.755178416353402
regular,0.1,1.0,256,27,2026093130,0.0,1.0,0.0,completed,none,7.006175019548457,bounded_search_completed,bounded_search_completed,200.0,400.0,0,0,0,0,0,0,0,1,1,0,-1.5372071019511395,-1.511994946554097
regular,0.1,1.0,256,28,2026093131,0.0,1.0,0.0,completed,none,7.594438153035897,bounded_search_completed,bounded_search_completed,200.0,400.0,0,0,0,0,0,0,0,1,1,0,-0.10286746711179262,-0.07721000344491813
regular,0.1,1.0,256,29,2026093132,0.0,1.0,0.0,completed,none,2.7289151287896276,bounded_search_completed,bounded_search_completed,200.0,400.0,0,0,0,0,0,0,1,0,1,0,-1.0843084264797938,-1.0676332240122406
regular,0.1,1.0,256,30,2026093133,0.0,1.0,0.0,completed,none,22.51814580236267,bounded_search_completed,bounded_search_completed,200.0,400.0,0,0,0,0,0,0,0,1,1,0,1.6096576540910803,1.6378861647256429
regular,0.1,1.0,256,31,2026093134,0.0,1.0,0.0,completed,none,5.651108809388981,bounded_search_completed,bounded_search_completed,200.0,400.0,0,0,0,0,0,0,1,0,1,0,-2.5328646515662285,-2.5142331555013016
regular,0.1,1.0,256,32,2026093135,0.0,1.0,0.0,completed,none,3.636161984613187,bounded_search_completed,bounded_search_completed,200.0,400.0,0,0,0,0,0,0,0,1,1,0,0.48676409487401884,0.5125669618187771
regular,0.1,1.0,256,33,2026093136,0.0,1.0,0.0,completed,none,5.981424653881852,bounded_search_completed,bounded_search_completed,200.0,400.0,0,0,0,0,0,0,1,0,1,0,-13.432112609075858,-13.407077757750244
regular,0.1,1.0,256,34,2026093137,0.0,1.0,0.0,completed,none,3.6364903207319585,bounded_search_completed,bounded_search_completed,200.0,400.0,0,0,0,0,0,0,1,0,1,0,-0.2888899642340732,-0.2635813692006934
regular,0.1,1.0,256,35,2026093138,0.0,1.0,0.0,completed,none,8.6983295323931,bounded_search_completed,bounded_search_completed,200.0,400.0,0,0,0,0,0,0,0,1,1,0,-1.8340270956053075,-1.7979387698513847
regular,0.1,1.0,256,36,2026093139,0.0,1.0,0.0,completed,none,5.999322124926597,bounded_search_completed,bounded_search_completed,200.0,400.0,0,0,0,0,0,0,1,0,1,0,0.5743341241804103,0.5995371018106823
regular,0.1,1.0,256,37,2026093140,0.0,1.0,0.0,completed,none,6.545609045561153,bounded_search_completed,bounded_search_completed,200.0,400.0,0,0,0,0,0,0,0,1,1,0,-3.9762264628205344,-3.932806552033469
regular,0.1,1.0,256,38,2026093141,0.0,1.0,0.0,completed,none,8.284379087871425,bounded_search_completed,bounded_search_completed,200.0,400.0,0,0,0,0,0,0,1,1,1,0,-3.2947233555460116,-3.259791849996674
regular,0.1,1.0,256,39,2026093142,0.0,1.0,0.0,completed,none,10.964018811395558,bounded_search_completed,bounded_search_completed,200.0,400.0,0,0,0,0,0,0,0,1,1,0,-1.7326557302494905,-1.7097801245560902
regular,0.1,1.0,256,40,2026093143,0.0,1.0,0.0,completed,none,8.530782393949696,bounded_search_completed,bounded_search_completed,200.0,400.0,0,0,0,0,0,0,0,1,1,0,0.3884920838293624,0.41069526012975643
regular,0.1,1.0,256,41,2026093144,0.0,1.0,0.0,completed,none,12.329132454023112,bounded_search_completed,bounded_search_completed,200.0,400.0,0,0,0,0,0,0,0,1,1,0,-36.20389008960214,-36.17686517264403
regular,0.1,1.0,256,42,2026093145,0.0,1.0,0.0,completed,none,15.006401466549924,bounded_search_completed,bounded_search_completed,200.0,400.0,0,0,0,0,0,0,0,1,1,0,1.6400451870824782,1.6694484532530112
regular,0.1,1.0,256,43,2026093146,0.0,1.0,0.0,completed,none,3.054550530025204,bounded_search_completed,bounded_search_completed,200.0,400.0,0,0,0,0,0,0,1,0,1,0,-6.332263873242596,-6.304036809227085
regular,0.1,1.0,256,44,2026093147,0.0,1.0,0.0,completed,none,4.1958013966304275,bounded_search_completed,bounded_search_completed,200.0,400.0,0,0,0,0,0,0,1,0,1,0,-1.203113378647089,-1.155250187799595
regular,0.1,1.0,256,45,2026093148,0.0,1.0,0.0,completed,none,4.195188802621888,bounded_search_completed,bounded_search_completed,200.0,400.0,0,0,0,0,0,0,1,0,1,0,0.5945147212347024,0.6186036473553713
regular,0.1,1.0,256,46,2026093149,0.0,1.0,0.0,completed,none,3.5922629718300114,bounded_search_completed,bounded_search_completed,200.0,400.0,0,0,0,0,0,0,1,0,1,0,-4.543570116668093,-4.533748814883808
regular,0.1,1.0,256,47,2026093150,0.0,1.0,0.0,completed,none,7.5024599006557615,bounded_search_completed,bounded_search_completed,200.0,400.0,0,0,0,0,0,0,1,0,1,0,-0.4769686585156876,-0.46731373167079937
regular,0.1,1.0,256,48,2026093151,0.0,1.0,0.0,completed,none,7.433331931522165,bounded_search_completed,bounded_search_completed,200.0,400.0,0,0,0,0,0,0,1,0,1,0,-20.791665088770657,-20.765606026761105
regular,0.1,1.0,256,49,2026093152,0.0,1.0,0.0,completed,none,5.59818482426877,bounded_search_completed,bounded_search_completed,200.0,400.0,0,0,0,0,0,0,1,0,1,0,-3.233210817710301,-3.2061623793168224
regular,0.1,1.0,256,50,2026093153,0.0,1.0,0.0,completed,none,0.8084367184950395,bounded_search_completed,bounded_search_completed,200.0,400.0,0,0,0,0,0,0,1,0,1,0,-0.4597301940649743,-0.4056898017426249
regular,0.1,1.0,256,51,2026093154,0.0,1.0,0.0,completed,none,9.023044584412686,bounded_search_completed,bounded_search_completed,200.0,400.0,0,0,0,0,0,0,1,0,1,0,-4.751290589381341,-4.738574268380518
regular,0.1,1.0,256,52,2026093155,0.0,1.0,0.0,completed,none,6.11356196229705,bounded_search_completed,bounded_search_completed,200.0,400.0,0,0,0,0,0,0,0,1,1,0,0.23073360358640116,0.2547810165668807
regular,0.1,1.0,256,53,2026093156,0.0,1.0,0.0,completed,none,13.031858883154342,bounded_search_completed,bounded_search_completed,200.0,400.0,0,0,0,0,0,0,0,1,1,0,1.3712527471439842,1.3969562828064568
regular,0.1,1.0,256,54,2026093157,0.0,1.0,0.0,completed,none,6.083252984888868,bounded_search_completed,bounded_search_completed,200.0,400.0,0,0,0,0,0,0,0,1,1,0,0.5915594653097287,0.6128993374538538
regular,0.1,1.0,256,55,2026093158,0.0,1.0,0.0,completed,none,0.7110105894546302,bounded_search_completed,bounded_search_completed,200.0,400.0,0,0,0,0,0,0,1,0,1,0,-124.87444023457587,-124.84521100211552
regular,0.1,1.0,256,56,2026093159,0.0,1.0,0.0,completed,none,6.339654978748374,bounded_search_completed,bounded_search_completed,200.0,400.0,0,0,0,0,0,0,1,0,1,0,-40.21216647387784,-40.19105934069462
regular,0.1,1.0,256,57,2026093160,0.0,1.0,0.0,completed,none,6.69841931449505,bounded_search_completed,bounded_search_completed,200.0,400.0,0,0,0,0,0,0,1,0,1,0,-9.3636864293359,-9.334731634664621
regular,0.1,1.0,256,58,2026093161,0.0,1.0,0.0,completed,none,2.7141891294993985,bounded_search_completed,bounded_search_completed,200.0,400.0,0,0,0,0,0,0,1,0,1,0,-5.5040011252882834,-5.483911726176416
regular,0.1,1.0,256,59,2026093162,0.0,1.0,0.0,completed,none,3.622430455434333,bounded_search_completed,bounded_search_completed,200.0,400.0,0,0,0,0,0,0,0,1,1,0,-0.619936088178207,-0.6004896082891378
regular,0.1,1.0,256,60,2026093163,0.0,1.0,0.0,completed,none,8.705286221038715,bounded_search_completed,bounded_search_completed,200.0,400.0,0,0,0,0,0,0,0,1,1,0,-6.855390354294684,-6.829425418893351
regular,0.1,1.0,256,61,2026093164,0.0,1.0,0.0,completed,none,1.1327807238507985,bounded_search_completed,bounded_search_completed,200.0,400.0,0,0,0,0,0,0,1,0,1,0,-0.4894432799708852,-0.4630665776920466
regular,0.1,1.0,256,62,2026093165,0.0,1.0,0.0,completed,none,7.967108879576826,bounded_search_completed,bounded_search_completed,200.0,400.0,0,0,0,0,0,0,0,1,1,0,-9.554773339280246,-9.522459866087559
regular,0.1,1.0,256,63,2026093166,0.0,1.0,0.0,completed,none,2.9530431621127913,bounded_search_completed,bounded_search_completed,200.0,400.0,0,0,0,0,0,0,1,0,1,0,-1.8352462816561683,-1.8054423993587818
regular,0.1,1.0,256,64,2026093167,0.0,1.0,0.0,completed,none,3.5641502682750246,bounded_search_completed,bounded_search_completed,200.0,400.0,0,0,0,0,0,0,0,1,1,0,-5.0760978053832275,-5.054166959903654
regular,0.1,1.0,256,65,2026093168,0.0,1.0,0.0,completed,none,8.32788491485862,bounded_search_completed,bounded_search_completed,200.0,400.0,0,0,0,0,0,0,0,1,1,0,0.2516392286846951,0.2735030517484347
regular,0.1,1.0,256,66,2026093169,0.0,1.0,0.0,completed,none,5.916833989986079,bounded_search_completed,bounded_search_completed,200.0,400.0,0,0,0,0,0,0,0,1,1,0,-0.3837758730285259,-0.35767392007505805
regular,0.1,1.0,256,67,2026093170,0.0,1.0,0.0,completed,none,4.058004157390636,bounded_search_completed,bounded_search_completed,200.0,400.0,0,0,0,0,0,0,1,0,1,0,-1.6551169348046813,-1.6310514496285862
regular,0.1,1.0,256,68,2026093171,0.0,1.0,0.0,completed,none,0.0,bounded_search_completed,bounded_search_completed,200.0,400.0,0,0,0,0,0,0,1,0,1,0,-17.742717374521703,-17.77565249820225
regular,0.1,1.0,256,69,2026093172,0.0,1.0,0.0,completed,none,4.531286494829525,bounded_search_completed,bounded_search_completed,200.0,400.0,0,0,0,0,0,0,0,1,1,0,-7.396485641904519,-7.365675208608167
regular,0.1,1.0,256,70,2026093173,0.0,1.0,0.0,completed,none,0.1584188135108598,bounded_search_completed,bounded_search_completed,200.0,400.0,0,0,0,0,0,0,1,0,1,0,-2.258392436631482,-2.241007279103144
regular,0.1,1.0,256,71,2026093174,0.0,1.0,0.0,completed,none,4.419765061790046,bounded_search_completed,bounded_search_completed,200.0,400.0,0,0,0,0,0,0,1,0,1,0,-70.29846485930457,-70.27197155520386
regular,0.1,1.0,256,72,2026093175,0.0,1.0,0.0,completed,none,1.7005869293864773,bounded_search_completed,bounded_search_completed,200.0,400.0,0,0,0,0,0,0,1,0,1,0,-87.2896990081435,-87.22798387278756
regular,0.1,1.0,256,73,2026093176,0.0,1.0,0.0,completed,none,16.054705967788884,bounded_search_completed,bounded_search_completed,200.0,400.0,0,0,0,0,0,0,0,1,1,0,-1.0201350247801315,-0.9951600520457191
regular,0.1,1.0,256,74,2026093177,0.0,1.0,0.0,completed,none,4.888459290162741,bounded_search_completed,bounded_search_completed,200.0,400.0,0,0,0,0,0,0,0,1,1,0,-6.016795253441188,-5.981446379398875
regular,0.1,1.0,256,75,2026093178,0.0,1.0,0.0,completed,none,5.074735521547673,bounded_search_completed,bounded_search_completed,200.0,400.0,0,0,0,0,0,0,1,0,1,0,-0.8604316640258105,-0.8377898447284053
regular,0.1,1.0,256,76,2026093179,0.0,1.0,0.0,completed,none,4.460766420433973,bounded_search_completed,bounded_search_completed,200.0,400.0,0,0,0,0,0,0,1,0,1,0,-33.597444191885586,-33.54930773099687
regular,0.1,1.0,256,77,2026093180,0.0,1.0,0.0,completed,none,0.5375319841779617,bounded_search_completed,bounded_search_completed,200.0,400.0,0,0,0,0,0,0,1,0,1,0,-3.3388715073490403,-3.330797613921476
regular,0.1,1.0,256,78,2026093181,0.0,1.0,0.0,completed,none,2.6504280233093196,bounded_search_completed,bounded_search_completed,200.0,400.0,0,0,0,0,0,0,1,0,1,0,-3.1137824829078795,-3.0989043993719463
regular,0.1,1.0,256,79,2026093182,0.0,1.0,0.0,completed,none,5.3932356991266115,bounded_search_completed,bounded_search_completed,200.0,400.0,0,0,0,0,0,0,1,0,1,0,-3.5773127472909607,-3.5545500186621553
regular,0.1,1.0,256,80,2026093183,0.0,1.0,0.0,completed,none,6.06161199221014,bounded_search_completed,bounded_search_completed,200.0,400.0,0,0,0,0,0,0,0,1,1,0,-4.098851944708059,-4.07776267118652
regular,0.1,1.0,256,81,2026093184,0.0,1.0,0.0,completed,none,6.68518193093064,bounded_search_completed,bounded_search_completed,200.0,400.0,0,0,0,0,0,0,1,0,1,0,-10.346347020329745,-10.320453927357022
regular,0.1,1.0,256,82,2026093185,0.0,1.0,0.0,completed,none,12.090201300502025,bounded_search_completed,bounded_search_completed,200.0,400.0,0,0,0,0,0,0,0,1,1,0,-9.36272707395537,-9.347676482316189
regular,0.1,1.0,256,83,2026093186,0.0,1.0,0.0,completed,none,2.7463145851574815,bounded_search_completed,bounded_search_completed,200.0,400.0,0,0,0,0,0,0,1,0,1,0,-1.2241354156979014,-1.2153611823214874
regular,0.1,1.0,256,84,2026093187,0.0,1.0,0.0,completed,none,3.9891883245380266,bounded_search_completed,bounded_search_completed,200.0,400.0,0,0,0,0,0,0,1,0,1,0,-1.3218918451100592,-1.2717762060533175
regular,0.1,1.0,256,85,2026093188,0.0,1.0,0.0,completed,none,5.161503192477454,bounded_search_completed,bounded_search_completed,200.0,400.0,0,0,0,0,0,0,1,0,1,0,-4.8487989279157375,-4.8242181333234555
regular,0.1,1.0,256,86,2026093189,0.0,1.0,0.0,completed,none,4.6887088177939535,bounded_search_completed,bounded_search_completed,200.0,400.0,0,0,0,0,0,0,0,1,1,0,-0.4332340477689627,-0.4097332099219102
regular,0.1,1.0,256,87,2026093190,0.0,1.0,0.0,completed,none,2.4762616670659847,bounded_search_completed,bounded_search_completed,200.0,400.0,0,0,0,0,0,0,1,0,1,0,-11.794941154985679,-11.748174631222128
regular,0.1,1.0,256,88,2026093191,0.0,1.0,0.0,completed,none,3.942628125172621,bounded_search_completed,bounded_search_completed,200.0,400.0,0,0,0,0,0,0,1,0,1,0,0.012372173074993498,0.03761146250585057
regular,0.1,1.0,256,89,2026093192,0.0,1.0,0.0,completed,none,0.0,bounded_search_completed,bounded_search_completed,200.0,400.0,0,0,0,0,0,0,1,0,1,0,-0.19523520677321926,-0.17584389392897037
regular,0.1,1.0,256,90,2026093193,0.0,1.0,0.0,completed,none,1.4856667242146322,bounded_search_completed,bounded_search_completed,200.0,400.0,0,0,0,0,0,0,1,0,1,0,-22.070160397204745,-21.992447375854425
regular,0.1,1.0,256,91,2026093194,0.0,1.0,0.0,completed,none,4.986936546878291,bounded_search_completed,bounded_search_completed,200.0,400.0,0,0,0,0,0,0,0,1,1,0,0.6240625375434661,0.6465336479384973
regular,0.1,1.0,256,92,2026093195,0.0,1.0,0.0,completed,none,1.6403761093965552,bounded_search_completed,bounded_search_completed,200.0,400.0,0,0,0,0,0,0,1,0,1,0,-2.4006851234379667,-2.3844948735740275
regular,0.1,1.0,256,93,2026093196,0.0,1.0,0.0,completed,none,3.63191279242956,bounded_search_completed,bounded_search_completed,200.0,400.0,0,0,0,0,0,0,1,0,1,0,-0.9997461746513352,-0.9742350000393856
regular,0.1,1.0,256,94,2026093197,0.0,1.0,0.0,completed,none,5.658702102295397,bounded_search_completed,bounded_search_completed,200.0,400.0,0,0,0,0,0,0,1,0,1,0,-12.522489591939944,-12.502728377393794
regular,0.1,1.0,256,95,2026093198,0.0,1.0,0.0,completed,none,6.698874880212775,bounded_search_completed,bounded_search_completed,200.0,400.0,0,0,0,0,0,0,0,1,1,0,0.1421036339517059,0.16637196920956399
regular,0.1,1.0,256,96,2026093199,0.0,1.0,0.0,completed,none,5.445001671923723,bounded_search_completed,bounded_search_completed,200.0,400.0,0,0,0,0,0,0,1,0,1,0,-0.3639190470464939,-0.31662649828197686
regular,0.1,1.0,256,97,2026093200,0.0,1.0,0.0,completed,none,3.5503663480689824,bounded_search_completed,bounded_search_completed,200.0,400.0,0,0,0,0,0,0,1,0,1,0,0.2980650789822903,0.32320250271553164
regular,0.1,1.0,256,98,2026093201,0.0,1.0,0.0,completed,none,2.842252619113525,bounded_search_completed,bounded_search_completed,200.0,400.0,0,0,0,0,0,0,1,0,1,0,-20.964229832851686,-20.935216969599566
regular,0.1,1.0,256,99,2026093202,0.0,1.0,0.0,completed,none,3.4562063100190614,bounded_search_completed,bounded_search_completed,200.0,400.0,0,0,0,0,0,0,1,0,1,0,-0.18117693433808313,-0.16151783920236085
regular,0.1,1.0,256,100,2026093203,0.0,1.0,0.0,completed,none,1.6691273990818967,bounded_search_completed,bounded_search_completed,200.0,400.0,0,0,0,0,0,0,1,0,1,0,-12.815474413758068,-12.805466289553323
regular,1.0,1.0,64,1,2026093204,0.0,1.0,0.0,completed,none,8.219685007720116,bounded_search_completed,bounded_search_completed,200.0,400.0,0,0,0,0,0,0,1,1,1,0,0.6818171489053455,0.8843947851566654
regular,1.0,1.0,64,2,2026093205,0.0,1.0,0.0,completed,none,10.252742469182113,bounded_search_completed,bounded_search_completed,200.0,400.0,0,0,0,0,0,0,0,1,1,0,-0.953335156190743,-0.7319453942866367
regular,1.0,1.0,64,3,2026093206,0.0,1.0,0.0,completed,none,2.873410903919238,bounded_search_completed,bounded_search_completed,200.0,400.0,0,0,0,0,0,0,1,0,1,0,-2.187124528647125,-1.7715158045044248
regular,1.0,1.0,64,4,2026093207,0.0,1.0,0.0,completed,none,13.134342235747415,bounded_search_completed,bounded_search_completed,200.0,400.0,0,0,0,0,0,0,0,1,1,0,-4.12472524240901,-3.9135933006490795
regular,1.0,1.0,64,5,2026093208,0.0,1.0,0.0,completed,none,8.70240569971379,bounded_search_completed,bounded_search_completed,200.0,400.0,0,0,0,0,0,0,1,1,1,0,-3.707196899172793,-3.217414077648293
regular,1.0,1.0,64,6,2026093209,0.0,1.0,0.0,completed,none,7.295676934455754,bounded_search_completed,bounded_search_completed,200.0,400.0,0,0,0,0,0,0,1,1,1,0,-1.35350474226572,-1.2295693967615264
regular,1.0,1.0,64,7,2026093210,0.0,1.0,0.0,completed,none,2.658206837491489,bounded_search_completed,bounded_search_completed,200.0,400.0,0,0,0,0,0,0,1,0,1,0,-8.628334744277414,-8.374900893880795
regular,1.0,1.0,64,8,2026093211,0.0,1.0,0.0,completed,none,10.111688620806833,bounded_search_completed,bounded_search_completed,200.0,400.0,0,0,0,0,0,0,0,1,1,0,-0.04762963569069356,0.22354624236247744
regular,1.0,1.0,64,9,2026093212,0.0,1.0,0.0,completed,none,3.908080521509346,bounded_search_completed,bounded_search_completed,200.0,400.0,0,0,0,0,0,0,1,0,1,0,-1.103369909823531,-0.8117021154068063
regular,1.0,1.0,64,10,2026093213,0.0,1.0,0.0,completed,none,6.920589765675647,bounded_search_completed,bounded_search_completed,200.0,400.0,0,0,0,0,0,0,1,1,1,0,-0.8097903977529839,-0.5445752695973383
regular,1.0,1.0,64,11,2026093214,0.0,1.0,0.0,completed,none,3.097356599719149,bounded_search_completed,bounded_search_completed,200.0,400.0,0,0,0,0,0,0,1,0,1,0,-1.4044382255334789,-1.1051721635633136
regular,1.0,1.0,64,12,2026093215,0.0,1.0,0.0,completed,none,5.245644144028959,bounded_search_completed,bounded_search_completed,200.0,400.0,0,0,0,0,0,0,1,0,1,0,-0.6669777064645075,-0.4728911769323645
regular,1.0,1.0,64,13,2026093216,0.0,1.0,0.0,completed,none,1.443465037968152,bounded_search_completed,bounded_search_completed,200.0,400.0,0,0,0,0,0,0,1,0,1,0,-7.457384727812798,-7.094640421965483
regular,1.0,1.0,64,14,2026093217,0.0,1.0,0.0,completed,none,5.669069419433478,bounded_search_completed,bounded_search_completed,200.0,400.0,0,0,0,0,0,0,1,0,1,0,-0.6803693843386398,-0.4361351187752973
regular,1.0,1.0,64,15,2026093218,0.0,1.0,0.0,completed,none,5.067012474893461,bounded_search_completed,bounded_search_completed,200.0,400.0,0,0,0,0,0,0,1,0,1,0,-5.862644329399275,-5.577108900650368
regular,1.0,1.0,64,16,2026093219,0.0,1.0,0.0,completed,none,3.327724993529122,bounded_search_completed,bounded_search_completed,200.0,400.0,0,0,0,0,0,0,1,0,1,0,-3.7201749282390395,-3.3705412722852586
regular,1.0,1.0,64,17,2026093220,0.0,1.0,0.0,completed,none,6.755718758038926,bounded_search_completed,bounded_search_completed,200.0,400.0,0,0,0,0,0,0,1,0,1,0,-10.438517393762758,-10.215079604164991
regular,1.0,1.0,64,18,2026093221,0.0,1.0,0.0,completed,none,1.6994865591185238,bounded_search_completed,bounded_search_completed,200.0,400.0,0,0,0,0,0,0,1,0,1,0,-15.354160540182024,-15.278029517160094
regular,1.0,1.0,64,19,2026093222,0.0,1.0,0.0,completed,none,0.9545833618547466,bounded_search_completed,bounded_search_completed,200.0,400.0,0,0,0,0,0,0,1,0,1,0,-72.33907103595374,-72.22306908191324
regular,1.0,1.0,64,20,2026093223,0.0,1.0,0.0,completed,none,3.56802225800873,bounded_search_completed,bounded_search_completed,200.0,400.0,0,0,0,0,0,0,1,0,1,0,-2.5858704405084296,-2.315877640993179
regular,1.0,1.0,64,21,2026093224,0.0,1.0,0.0,completed,none,4.536569856227802,bounded_search_completed,bounded_search_completed,200.0,400.0,0,0,0,0,0,0,1,0,1,0,-5.501024584703867,-5.3410816937822325
regular,1.0,1.0,64,22,2026093225,0.0,1.0,0.0,completed,none,7.257895686875021,bounded_search_completed,bounded_search_completed,200.0,400.0,0,0,0,0,0,0,1,0,1,0,-3.900051764559599,-3.7445644104741618
regular,1.0,1.0,64,23,2026093226,0.0,1.0,0.0,completed,none,4.635832857303064,bounded_search_completed,bounded_search_completed,200.0,400.0,0,0,0,0,0,0,1,0,1,0,-12.059109191326916,-11.798481512087745
regular,1.0,1.0,64,24,2026093227,0.0,1.0,0.0,completed,none,1.7916753950520932,bounded_search_completed,bounded_search_completed,200.0,400.0,0,0,0,0,0,0,1,0,1,0,-0.7757120463414253,-0.6129278190581289
regular,1.0,1.0,64,25,2026093228,0.0,1.0,0.0,completed,none,2.656083896877232,bounded_search_completed,bounded_search_completed,200.0,400.0,0,0,0,0,0,0,1,0,1,0,-1.2996199969875057,-1.0992920977628025
regular,1.0,1.0,64,26,2026093229,0.0,1.0,0.0,completed,none,8.026383759225874,bounded_search_completed,bounded_search_completed,200.0,400.0,0,0,0,0,0,0,1,1,1,0,0.771183517469229,1.023702236677419
regular,1.0,1.0,64,27,2026093230,0.0,1.0,0.0,completed,none,8.29198983826221,bounded_search_completed,bounded_search_completed,200.0,400.0,0,0,0,0,0,0,1,0,1,0,-16.64155515990652,-16.36185506347147
regular,1.0,1.0,64,28,2026093231,0.0,1.0,0.0,completed,none,10.912693340900752,bounded_search_completed,bounded_search_completed,200.0,400.0,0,0,0,0,0,0,0,1,1,0,0.5445096660398328,0.7388487966547252
regular,1.0,1.0,64,29,2026093232,0.0,1.0,0.0,completed,none,2.893492767632131,bounded_search_completed,bounded_search_completed,200.0,400.0,0,0,0,0,0,0,1,0,1,0,-3.9680907488018278,-3.934614310253785
regular,1.0,1.0,64,30,2026093233,0.0,1.0,0.0,completed,none,6.821240903436141,bounded_search_completed,bounded_search_completed,200.0,400.0,0,0,0,0,0,0,0,1,1,0,-10.905356250485493,-10.666842266797826
regular,1.0,1.0,64,31,2026093234,0.0,1.0,0.0,completed,none,21.24303966051837,bounded_search_completed,bounded_search_completed,200.0,400.0,0,0,0,0,0,0,0,1,1,0,-0.47946655234875735,-0.23591981431278342
regular,1.0,1.0,64,32,2026093235,0.0,1.0,0.0,completed,none,2.062653554613474,bounded_search_completed,bounded_search_completed,200.0,400.0,0,0,0,0,0,0,1,0,1,0,-4.892271357662205,-4.519012674497477
regular,1.0,1.0,64,33,2026093236,0.0,1.0,0.0,completed,none,4.431684898349877,bounded_search_completed,bounded_search_completed,200.0,400.0,0,0,0,0,0,0,1,0,1,0,-1.5269507305248844,-1.2004294667819657
regular,1.0,1.0,64,34,2026093237,0.0,1.0,0.0,completed,none,6.9112021146295755,bounded_search_completed,bounded_search_completed,200.0,400.0,0,0,0,0,0,0,1,0,1,0,-2.855027970146512,-2.39415516262358
regular,1.0,1.0,64,35,2026093238,0.0,1.0,0.0,completed,none,2.1206417448644594,bounded_search_completed,bounded_search_completed,200.0,400.0,0,0,0,0,0,0,1,0,1,0,-15.666988021061112,-15.349459579549642
regular,1.0,1.0,64,36,2026093239,0.0,1.0,0.0,completed,none,3.568739586183474,bounded_search_completed,bounded_search_completed,200.0,400.0,0,0,0,0,0,0,1,0,1,0,-2.8396807505076396,-2.715149037292676
regular,1.0,1.0,64,37,2026093240,0.0,1.0,0.0,completed,none,10.09474042759883,bounded_search_completed,bounded_search_completed,200.0,400.0,0,0,0,0,0,0,1,1,1,0,0.1648869273143596,0.31696424779723387
regular,1.0,1.0,64,38,2026093241,0.0,1.0,0.0,completed,none,6.980216687452847,bounded_search_completed,bounded_search_completed,200.0,400.0,0,0,0,0,0,0,1,0,1,0,-2.6681769539367366,-2.3170411314714983
regular,1.0,1.0,64,39,2026093242,0.0,1.0,0.0,completed,none,1.5602865761564908,bounded_search_completed,bounded_search_completed,200.0,400.0,0,0,0,0,0,0,1,0,1,0,-1.2104421826105423,-0.9837130089750659
regular,1.0,1.0,64,40,2026093243,0.0,1.0,0.0,completed,none,10.230587271578429,bounded_search_completed,bounded_search_completed,200.0,400.0,0,0,0,0,0,0,0,1,1,0,1.0848985884258582,1.3372334328066486
regular,1.0,1.0,64,41,2026093244,0.0,1.0,0.0,completed,none,9.772804259177427,bounded_search_completed,bounded_search_completed,200.0,400.0,0,0,0,0,0,0,0,1,1,0,-8.941186908981663,-8.65194829031283
regular,1.0,1.0,64,42,2026093245,0.0,1.0,0.0,completed,none,4.658025051235294,bounded_search_completed,bounded_search_completed,200.0,400.0,0,0,0,0,0,0,1,0,1,0,-3.9300145953237564,-3.679539205398429
regular,1.0,1.0,64,43,2026093246,0.0,1.0,0.0,completed,none,13.184320193218019,bounded_search_completed,bounded_search_completed,200.0,400.0,0,0,0,0,0,0,0,1,1,0,-1.016658685678859,-0.8160367276292781
regular,1.0,1.0,64,44,2026093247,0.0,1.0,0.0,completed,none,6.664840580070797,bounded_search_completed,bounded_search_completed,200.0,400.0,0,0,0,0,0,0,1,0,1,0,-3.4307092015073444,-3.2281290050357434
regular,1.0,1.0,64,45,2026093248,0.0,1.0,0.0,completed,none,9.75151401199921,bounded_search_completed,bounded_search_completed,200.0,400.0,0,0,0,0,0,0,1,1,1,0,0.2590094967843015,0.4759774636455063
regular,1.0,1.0,64,46,2026093249,0.0,1.0,0.0,completed,none,3.9075876749809146,bounded_search_completed,bounded_search_completed,200.0,400.0,0,0,0,0,0,0,1,0,1,0,-0.4635975874609741,-0.23251062574562553
regular,1.0,1.0,64,47,2026093250,0.0,1.0,0.0,completed,none,16.772992587017534,bounded_search_completed,bounded_search_completed,200.0,400.0,0,0,0,0,0,0,0,1,1,0,-12.467340795819226,-12.257186216387502
regular,1.0,1.0,64,48,2026093251,0.0,1.0,0.0,completed,none,8.57114123764465,bounded_search_completed,bounded_search_completed,200.0,400.0,0,0,0,0,0,0,1,1,1,0,0.663181354715789,0.9041391247461377
regular,1.0,1.0,64,49,2026093252,0.0,1.0,0.0,completed,none,3.203825053657735,bounded_search_completed,bounded_search_completed,200.0,400.0,0,0,0,0,0,0,1,0,1,0,-2.003852390271188,-1.8767125309985424
regular,1.0,1.0,64,50,2026093253,0.0,1.0,0.0,completed,none,2.6147124321490574,bounded_search_completed,bounded_search_completed,200.0,400.0,0,0,0,0,0,0,1,0,1,0,-7.356495585943678,-7.114315067978852
regular,1.0,1.0,64,51,2026093254,0.0,1.0,0.0,completed,none,13.782792766695884,bounded_search_completed,bounded_search_completed,200.0,400.0,0,0,0,0,0,0,0,1,1,0,0.8138166337968649,1.0538230895178593
regular,1.0,1.0,64,52,2026093255,0.0,1.0,0.0,completed,none,3.3977721565492307,bounded_search_completed,bounded_search_completed,200.0,400.0,0,0,0,0,0,0,1,0,1,0,-1.4860648624534427,-1.2861064971842957
regular,1.0,1.0,64,53,2026093256,0.0,1.0,0.0,completed,none,3.3192831848412734,bounded_search_completed,bounded_search_completed,200.0,400.0,0,0,0,0,0,0,1,0,1,0,-4.813926434621166,-4.713403005571614
regular,1.0,1.0,64,54,2026093257,0.0,1.0,0.0,completed,none,6.95838991544949,bounded_search_completed,bounded_search_completed,200.0,400.0,0,0,0,0,0,0,1,0,1,0,-4.956486857425908,-4.642702126827984
regular,1.0,1.0,64,55,2026093258,0.0,1.0,0.0,completed,none,4.98127105065141,bounded_search_completed,bounded_search_completed,200.0,400.0,0,0,0,0,0,0,1,0,1,0,-5.991417124815914,-5.8395509291350045
regular,1.0,1.0,64,56,2026093259,0.0,1.0,0.0,completed,none,17.03509746440589,bounded_search_completed,bounded_search_completed,200.0,400.0,0,0,0,0,0,0,0,1,1,0,0.9988832222336796,1.258988887038953
regular,1.0,1.0,64,57,2026093260,0.0,1.0,0.0,completed,none,9.84962142049472,bounded_search_completed,bounded_search_completed,200.0,400.0,0,0,0,0,0,0,0,1,1,0,0.629789953944325,0.9021678370136925
regular,1.0,1.0,64,58,2026093261,0.0,1.0,0.0,completed,none,10.893663399539212,bounded_search_completed,bounded_search_completed,200.0,400.0,0,0,0,0,0,0,0,1,1,0,0.21730310728611357,0.4743050906855615
regular,1.0,1.0,64,59,2026093262,0.0,1.0,0.0,completed,none,14.928061620777015,bounded_search_completed,bounded_search_completed,200.0,400.0,0,0,0,0,0,0,0,1,1,0,-12.781634985228555,-12.634319149414912
regular,1.0,1.0,64,60,2026093263,0.0,1.0,0.0,completed,none,22.439682977973913,bounded_search_completed,bounded_search_completed,200.0,400.0,0,0,0,0,0,0,0,1,1,0,0.5961828687007973,0.778097089605577
regular,1.0,1.0,64,61,2026093264,0.0,1.0,0.0,completed,none,3.0013183831860335,bounded_search_completed,bounded_search_completed,200.0,400.0,0,0,0,0,0,0,1,0,1,0,-3.4173769885031007,-3.009686850681753
regular,1.0,1.0,64,62,2026093265,0.0,1.0,0.0,completed,none,7.7295742113245325,bounded_search_completed,bounded_search_completed,200.0,400.0,0,0,0,0,0,0,1,1,1,0,-1.0154604457224252,-0.6892106732274996
regular,1.0,1.0,64,63,2026093266,0.0,1.0,0.0,completed,none,5.157692463000058,bounded_search_completed,bounded_search_completed,200.0,400.0,0,0,0,0,0,0,1,0,1,0,-14.356107180531902,-13.97287601522335
regular,1.0,1.0,64,64,2026093267,0.0,1.0,0.0,completed,none,3.273474905160171,bounded_search_completed,bounded_search_completed,200.0,400.0,0,0,0,0,0,0,1,0,1,0,0.3374448327195374,0.5980345924937289
regular,1.0,1.0,64,65,2026093268,0.0,1.0,0.0,completed,none,4.290838167132304,bounded_search_completed,bounded_search_completed,200.0,400.0,0,0,0,0,0,0,1,0,1,0,-2.9745560133389404,-2.8348951953887322
regular,1.0,1.0,64,66,2026093269,0.0,1.0,0.0,completed,none,6.667918226870214,bounded_search_completed,bounded_search_completed,200.0,400.0,0,0,0,0,0,0,1,0,1,0,-1.1169506130492728,-0.7493859071328579
regular,1.0,1.0,64,67,2026093270,0.0,1.0,0.0,completed,none,1.822927267000866,bounded_search_completed,bounded_search_completed,200.0,400.0,0,0,0,0,0,0,1,0,1,0,-35.05498437061054,-34.54348549555408
regular,1.0,1.0,64,68,2026093271,0.0,1.0,0.0,completed,none,10.558231125376958,bounded_search_completed,bounded_search_completed,200.0,400.0,0,0,0,0,0,0,1,1,1,0,-12.35023271162165,-12.18613935774679
regular,1.0,1.0,64,69,2026093272,0.0,1.0,0.0,completed,none,0.6575508805944706,bounded_search_completed,bounded_search_completed,200.0,400.0,0,0,0,0,0,0,1,0,1,0,-23.364563527621918,-22.65017461779629
regular,1.0,1.0,64,70,2026093273,0.0,1.0,0.0,completed,none,3.3763373630832567,bounded_search_completed,bounded_search_completed,200.0,400.0,0,0,0,0,0,0,1,0,1,0,-18.6629648186836,-18.372437254645188
regular,1.0,1.0,64,71,2026093274,0.0,1.0,0.0,completed,none,10.958909413821901,bounded_search_completed,bounded_search_completed,200.0,400.0,0,0,0,0,0,0,0,1,1,0,-0.6666359867165816,-0.38866365933433755
regular,1.0,1.0,64,72,2026093275,0.0,1.0,0.0,completed,none,2.8783802808869656,bounded_search_completed,bounded_search_completed,200.0,400.0,0,0,0,0,0,0,1,0,1,0,-0.17148419747384835,0.11222387754418506
regular,1.0,1.0,64,73,2026093276,0.0,1.0,0.0,completed,none,8.449053830026825,bounded_search_completed,bounded_search_completed,200.0,400.0,0,0,0,0,0,0,0,1,1,0,-0.5764604550902419,-0.33039709982033827
regular,1.0,1.0,64,74,2026093277,0.0,1.0,0.0,completed,none,2.5783675646323228,bounded_search_completed,bounded_search_completed,200.0,400.0,0,0,0,0,0,0,1,0,1,0,-120.98797213533268,-120.47587259323727
regular,1.0,1.0,64,75,2026093278,0.0,1.0,0.0,completed,none,6.4582644626119485,bounded_search_completed,bounded_search_completed,200.0,400.0,0,0,0,0,0,0,1,0,1,0,0.2729447720417646,0.4143863616202772
regular,1.0,1.0,64,76,2026093279,0.0,1.0,0.0,completed,none,8.71969297556922,bounded_search_completed,bounded_search_completed,200.0,400.0,0,0,0,0,0,0,0,1,1,0,0.5921287728597129,0.8664940288191652
regular,1.0,1.0,64,77,2026093280,0.0,1.0,0.0,completed,none,7.275961523353755,bounded_search_completed,bounded_search_completed,200.0,400.0,0,0,0,0,0,0,1,0,1,0,0.7265134707774621,0.9611126372457832
regular,1.0,1.0,64,78,2026093281,0.0,1.0,0.0,completed,none,0.0,bounded_search_completed,bounded_search_completed,200.0,400.0,0,0,0,0,0,0,1,0,1,0,-15.812909517284119,-15.5786844083595
regular,1.0,1.0,64,79,2026093282,0.0,1.0,0.0,completed,none,3.66427853082431,bounded_search_completed,bounded_search_completed,200.0,400.0,0,0,0,0,0,0,1,0,1,0,-2.7343387042509697,-2.5897770164978233
regular,1.0,1.0,64,80,2026093283,0.0,1.0,0.0,completed,none,2.023025174774631,bounded_search_completed,bounded_search_completed,200.0,400.0,0,0,0,0,0,0,1,0,1,0,-1.270370497686958,-0.9083585785262933
regular,1.0,1.0,64,81,2026093284,0.0,1.0,0.0,completed,none,12.946752982624862,bounded_search_completed,bounded_search_completed,200.0,400.0,0,0,0,0,0,0,0,1,1,0,0.5634192497883888,0.7055090062048066
regular,1.0,1.0,64,82,2026093285,0.0,1.0,0.0,completed,none,1.0085836157093944,bounded_search_completed,bounded_search_completed,200.0,400.0,0,0,0,0,0,0,1,0,1,0,-29.436410448200505,-29.02664958018528
regular,1.0,1.0,64,83,2026093286,0.0,1.0,0.0,completed,none,8.899451506293877,bounded_search_completed,bounded_search_completed,200.0,400.0,0,0,0,0,0,0,0,1,1,0,-3.6386798670640186,-3.39978122320292
regular,1.0,1.0,64,84,2026093287,0.0,1.0,0.0,completed,none,5.370295311855879,bounded_search_completed,bounded_search_completed,200.0,400.0,0,0,0,0,0,0,1,0,1,0,-1.5201928539784682,-1.2362353668140322
regular,1.0,1.0,64,85,2026093288,0.0,1.0,0.0,completed,none,12.633675777096283,bounded_search_completed,bounded_search_completed,200.0,400.0,0,0,0,0,0,0,0,1,1,0,-13.949334092937757,-13.674233494840404
regular,1.0,1.0,64,86,2026093289,0.0,1.0,0.0,completed,none,8.100305754916942,bounded_search_completed,bounded_search_completed,200.0,400.0,0,0,0,0,0,0,0,1,1,0,-1.9650745496214128,-1.5407466474132079
regular,1.0,1.0,64,87,2026093290,0.0,1.0,0.0,completed,none,7.720329257345877,bounded_search_completed,bounded_search_completed,200.0,400.0,0,0,0,0,0,0,1,0,1,0,-0.4152155141744647,-0.25461947314185274
regular,1.0,1.0,64,88,2026093291,0.0,1.0,0.0,completed,none,10.748615724811481,bounded_search_completed,bounded_search_completed,200.0,400.0,0,0,0,0,0,0,0,1,1,0,-5.579708470174207,-5.206134497951236
regular,1.0,1.0,64,89,2026093292,0.0,1.0,0.0,completed,none,5.694063388864646,bounded_search_completed,bounded_search_completed,200.0,400.0,0,0,0,0,0,0,1,0,1,0,-6.22732425518416,-5.967206272527323
regular,1.0,1.0,64,90,2026093293,0.0,1.0,0.0,completed,none,2.9434390419344654,bounded_search_completed,bounded_search_completed,200.0,400.0,0,0,0,0,0,0,1,0,1,0,-36.69908839114138,-36.55044791163986
regular,1.0,1.0,64,91,2026093294,0.0,1.0,0.0,completed,none,4.619041193706137,bounded_search_completed,bounded_search_completed,200.0,400.0,0,0,0,0,0,0,1,0,1,0,-4.821592440659693,-4.673913001788016
regular,1.0,1.0,64,92,2026093295,0.0,1.0,0.0,completed,none,0.6285852653513785,bounded_search_completed,bounded_search_completed,200.0,400.0,0,0,0,0,0,0,1,0,1,0,-181.89718921493375,-181.2959173402655
regular,1.0,1.0,64,93,2026093296,0.0,1.0,0.0,completed,none,0.5507074227939773,bounded_search_completed,bounded_search_completed,200.0,400.0,0,0,0,0,0,0,1,0,1,0,-100.28175237128082,-100.22176315679658
regular,1.0,1.0,64,94,2026093297,0.0,1.0,0.0,completed,none,18.88294648890807,bounded_search_completed,bounded_search_completed,200.0,400.0,0,0,0,0,0,0,0,1,1,0,-19.04617809845395,-18.81682226523798
regular,1.0,1.0,64,95,2026093298,0.0,1.0,0.0,completed,none,22.65876661611107,bounded_search_completed,bounded_search_completed,200.0,400.0,0,0,0,0,0,0,0,1,1,0,2.1417425343709233,2.3934429064877527
regular,1.0,1.0,64,96,2026093299,0.0,1.0,0.0,completed,none,2.124176200931926,bounded_search_completed,bounded_search_completed,200.0,400.0,0,0,0,0,0,0,1,0,1,0,-12.408101764141524,-12.495758075048105
regular,1.0,1.0,64,97,2026093300,0.0,1.0,0.0,completed,none,8.180563673098636,bounded_search_completed,bounded_search_completed,200.0,400.0,0,0,0,0,0,0,1,1,1,0,-0.08944416334332317,0.1563321263868076
regular,1.0,1.0,64,98,2026093301,0.0,1.0,0.0,completed,none,7.326408489968008,bounded_search_completed,bounded_search_completed,200.0,400.0,0,0,0,0,0,0,1,0,1,0,-0.22728473541706506,0.03994543772430603
regular,1.0,1.0,64,99,2026093302,0.0,1.0,0.0,completed,none,23.719327903687265,bounded_search_completed,bounded_search_completed,200.0,400.0,0,0,0,0,0,0,0,1,1,0,-4.80173420341691,-4.561406212423353
regular,1.0,1.0,64,100,2026093303,0.0,1.0,0.0,completed,none,4.357847661002719,bounded_search_completed,bounded_search_completed,200.0,400.0,0,0,0,0,0,0,1,0,1,0,-3.084415509515267,-3.007354489438086
regular,1.0,1.0,256,1,2026093304,0.0,1.0,0.0,completed,none,0.5171986554164528,bounded_search_completed,bounded_search_completed,200.0,400.0,0,0,0,0,0,0,1,0,1,0,-12.831021866965159,-12.710131101350896
regular,1.0,1.0,256,2,2026093305,0.0,1.0,0.0,completed,none,10.345354157562744,bounded_search_completed,bounded_search_completed,200.0,400.0,0,0,0,0,0,0,0,1,1,0,-0.4850299929167363,-0.25311363957109734
regular,1.0,1.0,256,3,2026093306,0.0,1.0,0.0,completed,none,2.8931959537621417,bounded_search_completed,bounded_search_completed,200.0,400.0,0,0,0,0,0,0,1,0,1,0,-1.3134032718740798,-1.225461487129138
regular,1.0,1.0,256,4,2026093307,0.0,1.0,0.0,completed,none,12.390297958943394,bounded_search_completed,bounded_search_completed,200.0,400.0,0,0,0,0,0,0,0,1,1,0,-4.177043473455882,-3.967738063418153
regular,1.0,1.0,256,5,2026093308,0.0,1.0,0.0,completed,none,6.756475507109067,bounded_search_completed,bounded_search_completed,200.0,400.0,0,0,0,0,0,0,1,1,1,0,-5.5629673121076735,-5.391917842402989
regular,1.0,1.0,256,6,2026093309,0.0,1.0,0.0,completed,none,8.42510040010898,bounded_search_completed,bounded_search_completed,200.0,400.0,0,0,0,0,0,0,1,1,1,0,0.378049228482098,0.6635314260567213
regular,1.0,1.0,256,7,2026093310,0.0,1.0,0.0,completed,none,4.08386792251866,bounded_search_completed,bounded_search_completed,200.0,400.0,0,0,0,0,0,0,1,0,1,0,-9.951530801360292,-9.748791385091891
regular,1.0,1.0,256,8,2026093311,0.0,1.0,0.0,completed,none,5.580702761115612,bounded_search_completed,bounded_search_completed,200.0,400.0,0,0,0,0,0,0,1,0,1,0,0.11811430525909827,0.2922778445093286
regular,1.0,1.0,256,9,2026093312,0.0,1.0,0.0,completed,none,38.483483410293736,bounded_search_completed,bounded_search_completed,200.0,400.0,0,0,0,0,0,0,0,1,0,1,3.456044463268938,3.688921858548582
regular,1.0,1.0,256,10,2026093313,0.0,1.0,0.0,completed,none,1.91902438055547,bounded_search_completed,bounded_search_completed,200.0,400.0,0,0,0,0,0,0,1,0,1,0,-17.19486250470817,-16.877656655536043
regular,1.0,1.0,256,11,2026093314,0.0,1.0,0.0,completed,none,3.2052384916707433,bounded_search_completed,bounded_search_completed,200.0,400.0,0,0,0,0,0,0,1,0,1,0,-2.9728163171104427,-2.7303272262912515
regular,1.0,1.0,256,12,2026093315,0.0,1.0,0.0,completed,none,9.577710411814792,bounded_search_completed,bounded_search_completed,200.0,400.0,0,0,0,0,0,0,1,1,1,0,-2.232609142310878,-2.016427660462057
regular,1.0,1.0,256,13,2026093316,0.0,1.0,0.0,completed,none,3.731924096132398,bounded_search_completed,bounded_search_completed,200.0,400.0,0,0,0,0,0,0,1,0,1,0,-75.06097500021107,-74.83017158651617
regular,1.0,1.0,256,14,2026093317,0.0,1.0,0.0,completed,none,5.122163722539488,bounded_search_completed,bounded_search_completed,200.0,400.0,0,0,0,0,0,0,1,0,1,0,-9.683845272020562,-9.249942746526102
regular,1.0,1.0,256,15,2026093318,0.0,1.0,0.0,completed,none,2.830073746602023,bounded_search_completed,bounded_search_completed,200.0,400.0,0,0,0,0,0,0,1,0,1,0,-2.3242233049669494,-2.1807268283345707
regular,1.0,1.0,256,16,2026093319,0.0,1.0,0.0,completed,none,2.9871273433620606,bounded_search_completed,bounded_search_completed,200.0,400.0,0,0,0,0,0,0,1,0,1,0,-3.7604220320490356,-3.816939005283473
regular,1.0,1.0,256,17,2026093320,0.0,1.0,0.0,completed,none,2.287559295522378,bounded_search_completed,bounded_search_completed,200.0,400.0,0,0,0,0,0,0,1,0,1,0,-0.6929438061527549,-0.35273918999416765
regular,1.0,1.0,256,18,2026093321,0.0,1.0,0.0,completed,none,14.340262522805794,bounded_search_completed,bounded_search_completed,200.0,400.0,0,0,0,0,0,0,0,1,1,0,1.3823089488383573,1.6014704080200204
regular,1.0,1.0,256,19,2026093322,0.0,1.0,0.0,completed,none,11.703064384745526,bounded_search_completed,bounded_search_completed,200.0,400.0,0,0,0,0,0,0,0,1,1,0,1.4591750819708693,1.7138579981982787
regular,1.0,1.0,256,20,2026093323,0.0,1.0,0.0,completed,none,4.504798232725337,bounded_search_completed,bounded_search_completed,200.0,400.0,0,0,0,0,0,0,1,0,1,0,0.33449719562833025,0.5770700138206735
regular,1.0,1.0,256,21,2026093324,0.0,1.0,0.0,completed,none,3.3144150430737165,bounded_search_completed,bounded_search_completed,200.0,400.0,0,0,0,0,0,0,1,0,1,0,-0.9716623930876267,-0.8405965120071812
regular,1.0,1.0,256,22,2026093325,0.0,1.0,0.0,completed,none,0.3660420035086556,bounded_search_completed,bounded_search_completed,200.0,400.0,0,0,0,0,0,0,1,0,1,0,-19.572204934357188,-19.273781575984145
regular,1.0,1.0,256,23,2026093326,0.0,1.0,0.0,completed,none,15.347761555749708,bounded_search_completed,bounded_search_completed,200.0,400.0,0,0,0,0,0,0,0,1,1,0,0.03612839955690106,0.27471389135914137
regular,1.0,1.0,256,24,2026093327,0.0,1.0,0.0,completed,none,5.182517427644078,bounded_search_completed,bounded_search_completed,200.0,400.0,0,0,0,0,0,0,1,1,1,0,-2.810840490883834,-2.559540792401606
regular,1.0,1.0,256,25,2026093328,0.0,1.0,0.0,completed,none,2.0528762080657286,bounded_search_completed,bounded_search_completed,200.0,400.0,0,0,0,0,0,0,1,0,1,0,-2.5317671785275593,-2.3031728221600645
regular,1.0,1.0,256,26,2026093329,0.0,1.0,0.0,completed,none,5.257147802717339,bounded_search_completed,bounded_search_completed,200.0,400.0,0,0,0,0,0,0,1,0,1,0,-0.8647824666778376,-0.6880982906473321
regular,1.0,1.0,256,27,2026093330,0.0,1.0,0.0,completed,none,5.551046853958941,bounded_search_completed,bounded_search_completed,200.0,400.0,0,0,0,0,0,0,1,0,1,0,-4.405800075737176,-4.2404788595219145
regular,1.0,1.0,256,28,2026093331,0.0,1.0,0.0,completed,none,8.420274864702845,bounded_search_completed,bounded_search_completed,200.0,400.0,0,0,0,0,0,0,1,1,1,0,-1.087111907203223,-0.8558475565850188
regular,1.0,1.0,256,29,2026093332,0.0,1.0,0.0,completed,none,3.2236991727559436,bounded_search_completed,bounded_search_completed,200.0,400.0,0,0,0,0,0,0,1,0,1,0,-65.37433564044156,-64.99558576724789
regular,1.0,1.0,256,30,2026093333,0.0,1.0,0.0,completed,none,7.397174181811581,bounded_search_completed,bounded_search_completed,200.0,400.0,0,0,0,0,0,0,1,0,1,0,-8.374697884650658,-8.106089041833428
regular,1.0,1.0,256,31,2026093334,0.0,1.0,0.0,completed,none,0.0,bounded_search_completed,bounded_search_completed,200.0,400.0,0,0,0,0,0,0,1,0,1,0,-14.330266298708864,-14.457676704450051
regular,1.0,1.0,256,32,2026093335,0.0,1.0,0.0,completed,none,1.2684517264992605,bounded_search_completed,bounded_search_completed,200.0,400.0,0,0,0,0,0,0,1,0,1,0,-6.862298910059451,-6.55231925790693
regular,1.0,1.0,256,33,2026093336,0.0,1.0,0.0,completed,none,9.080256994902705,bounded_search_completed,bounded_search_completed,200.0,400.0,0,0,0,0,0,0,1,1,1,0,-1.038859215693975,-0.8043910349923635
regular,1.0,1.0,256,34,2026093337,0.0,1.0,0.0,completed,none,5.500470212677909,bounded_search_completed,bounded_search_completed,200.0,400.0,0,0,0,0,0,0,1,0,1,0,-11.0995285803954,-10.813770095094952
regular,1.0,1.0,256,35,2026093338,0.0,1.0,0.0,completed,none,9.770294530153143,bounded_search_completed,bounded_search_completed,200.0,400.0,0,0,0,0,0,0,1,1,1,0,-0.8380791257615385,-0.674339929636858
regular,1.0,1.0,256,36,2026093339,0.0,1.0,0.0,completed,none,3.0498421586863977,bounded_search_completed,bounded_search_completed,200.0,400.0,0,0,0,0,0,0,1,0,1,0,-1.77183299976042,-1.52360556757543
regular,1.0,1.0,256,37,2026093340,0.0,1.0,0.0,completed,none,2.2144566021821617,bounded_search_completed,bounded_search_completed,200.0,400.0,0,0,0,0,0,0,1,0,1,0,-187.05285177988344,-186.56919586266656
regular,1.0,1.0,256,38,2026093341,0.0,1.0,0.0,completed,none,5.177909555833556,bounded_search_completed,bounded_search_completed,200.0,400.0,0,0,0,0,0,0,1,1,1,0,0.6448951537950052,0.8902119186691095
regular,1.0,1.0,256,39,2026093342,0.0,1.0,0.0,completed,none,3.5787457380418384,bounded_search_completed,bounded_search_completed,200.0,400.0,0,0,0,0,0,0,1,0,1,0,-0.7118625809224284,-0.4683836164240347
regular,1.0,1.0,256,40,2026093343,0.0,1.0,0.0,completed,none,2.3510371726397215,bounded_search_completed,bounded_search_completed,200.0,400.0,0,0,0,0,0,0,1,0,1,0,-0.3569935283362611,-0.07929167343283439
regular,1.0,1.0,256,41,2026093344,0.0,1.0,0.0,completed,none,6.006258045449129,bounded_search_completed,bounded_search_completed,200.0,400.0,0,0,0,0,0,0,1,0,1,0,-2.6188760656077648,-2.4570942688832815
regular,1.0,1.0,256,42,2026093345,0.0,1.0,0.0,completed,none,6.323532631391395,bounded_search_completed,bounded_search_completed,200.0,400.0,0,0,0,0,0,0,1,0,1,0,-1.7713254798321145,-1.5822792132340453
regular,1.0,1.0,256,43,2026093346,0.0,1.0,0.0,completed,none,6.302002888264863,bounded_search_completed,bounded_search_completed,200.0,400.0,0,0,0,0,0,0,1,0,1,0,-2.216836119647894,-1.9948484252549292
regular,1.0,1.0,256,44,2026093347,0.0,1.0,0.0,completed,none,1.498298702249304,bounded_search_completed,bounded_search_completed,200.0,400.0,0,0,0,0,0,0,1,0,1,0,-36.441000060609355,-36.20433758224462
regular,1.0,1.0,256,45,2026093348,0.0,1.0,0.0,completed,none,8.78930389165905,bounded_search_completed,bounded_search_completed,200.0,400.0,0,0,0,0,0,0,1,1,1,0,-1.6613090872058365,-1.4079699418410598
regular,1.0,1.0,256,46,2026093349,0.0,1.0,0.0,completed,none,7.003558787580145,bounded_search_completed,bounded_search_completed,200.0,400.0,0,0,0,0,0,0,1,1,1,0,-7.223180256185174,-6.999717471265058
regular,1.0,1.0,256,47,2026093350,0.0,1.0,0.0,completed,none,7.0615544586648715,bounded_search_completed,bounded_search_completed,200.0,400.0,0,0,0,0,0,0,1,1,1,0,0.5334357410575024,0.777642220082754
regular,1.0,1.0,256,48,2026093351,0.0,1.0,0.0,completed,none,4.8456117545815385,bounded_search_completed,bounded_search_completed,200.0,400.0,0,0,0,0,0,0,1,0,1,0,-1.0705361251968952,-0.9483608777375139
regular,1.0,1.0,256,49,2026093352,0.0,1.0,0.0,completed,none,13.698254190177598,bounded_search_completed,bounded_search_completed,200.0,400.0,0,0,0,0,0,0,0,1,1,0,-77.61984763080144,-77.31223629448749
regular,1.0,1.0,256,50,2026093353,0.0,1.0,0.0,completed,none,11.655919753847913,bounded_search_completed,bounded_search_completed,200.0,400.0,0,0,0,0,0,0,0,1,1,0,-0.13407502335007848,0.13482090424574267
regular,1.0,1.0,256,51,2026093354,0.0,1.0,0.0,completed,none,11.263726630518104,bounded_search_completed,bounded_search_completed,200.0,400.0,0,0,0,0,0,0,0,1,1,0,-2.2146649017825553,-1.9058868209932598
regular,1.0,1.0,256,52,2026093355,0.0,1.0,0.0,completed,none,3.5677843777152476,bounded_search_completed,bounded_search_completed,200.0,400.0,0,0,0,0,0,0,1,0,1,0,-197.29549408599217,-196.85815270147188
regular,1.0,1.0,256,53,2026093356,0.0,1.0,0.0,completed,none,5.021925359777164,bounded_search_completed,bounded_search_completed,200.0,400.0,0,0,0,0,0,0,1,0,1,0,-0.7266037309948956,-0.4822463900349021
regular,1.0,1.0,256,54,2026093357,0.0,1.0,0.0,completed,none,4.948634048173902,bounded_search_completed,bounded_search_completed,200.0,400.0,0,0,0,0,0,0,1,0,1,0,-2.4709221675588253,-2.1766301954735923
regular,1.0,1.0,256,55,2026093358,0.0,1.0,0.0,completed,none,2.107406152184273,bounded_search_completed,bounded_search_completed,200.0,400.0,0,0,0,0,0,0,1,0,1,0,-1.1360058551688894,-0.9653322921451775
regular,1.0,1.0,256,56,2026093359,0.0,1.0,0.0,completed,none,5.327333563379177,bounded_search_completed,bounded_search_completed,200.0,400.0,0,0,0,0,0,0,1,0,1,0,-14.367021766902212,-14.14309796344773
regular,1.0,1.0,256,57,2026093360,0.0,1.0,0.0,completed,none,15.818865987132035,bounded_search_completed,bounded_search_completed,200.0,400.0,0,0,0,0,0,0,0,1,1,0,1.668063170250548,1.8976349510352009
regular,1.0,1.0,256,58,2026093361,0.0,1.0,0.0,completed,none,9.939138911993814,bounded_search_completed,bounded_search_completed,200.0,400.0,0,0,0,0,0,0,0,1,1,0,0.9690116618064621,1.2114703073547162
regular,1.0,1.0,256,59,2026093362,0.0,1.0,0.0,completed,none,4.15499600342089,bounded_search_completed,bounded_search_completed,200.0,400.0,0,0,0,0,0,0,1,0,1,0,-64.35962622780761,-63.950779433819065
regular,1.0,1.0,256,60,2026093363,0.0,1.0,0.0,completed,none,2.8593573467893734,bounded_search_completed,bounded_search_completed,200.0,400.0,0,0,0,0,0,0,1,0,1,0,-2.660356059205469,-2.315367639727583
regular,1.0,1.0,256,61,2026093364,0.0,1.0,0.0,completed,none,5.440946363373717,bounded_search_completed,bounded_search_completed,200.0,400.0,0,0,0,0,0,0,1,0,1,0,-4.048962828918178,-3.831561168343967
regular,1.0,1.0,256,62,2026093365,0.0,1.0,0.0,completed,none,8.35152890290034,bounded_search_completed,bounded_search_completed,200.0,400.0,0,0,0,0,0,0,1,1,1,0,-13.736911978610806,-13.49748004816604
regular,1.0,1.0,256,63,2026093366,0.0,1.0,0.0,completed,none,7.251425692668375,bounded_search_completed,bounded_search_completed,200.0,400.0,0,0,0,0,0,0,1,0,1,0,-1.210069477392807,-0.9999495895254142
regular,1.0,1.0,256,64,2026093367,0.0,1.0,0.0,completed,none,0.8139689684094807,bounded_search_completed,bounded_search_completed,200.0,400.0,0,0,0,0,0,0,1,0,1,0,-48.714134333680434,-48.582406127747745
regular,1.0,1.0,256,65,2026093368,0.0,1.0,0.0,completed,none,19.26958881024913,bounded_search_completed,bounded_search_completed,200.0,400.0,0,0,0,0,0,0,0,1,1,0,0.41358952973953933,0.6375959756056204
regular,1.0,1.0,256,66,2026093369,0.0,1.0,0.0,completed,none,3.538343374591678,bounded_search_completed,bounded_search_completed,200.0,400.0,0,0,0,0,0,0,1,0,1,0,-1.7684380212738233,-1.4316162954013691
regular,1.0,1.0,256,67,2026093370,0.0,1.0,0.0,completed,none,2.656740944665162,bounded_search_completed,bounded_search_completed,200.0,400.0,0,0,0,0,0,0,1,0,1,0,-63.53061710534136,-63.30757586989374
regular,1.0,1.0,256,68,2026093371,0.0,1.0,0.0,completed,none,3.1231096300651804,bounded_search_completed,bounded_search_completed,200.0,400.0,0,0,0,0,0,0,1,0,1,0,-1.6879388843289291,-1.4016710954360292
regular,1.0,1.0,256,69,2026093372,0.0,1.0,0.0,completed,none,5.571618681501475,bounded_search_completed,bounded_search_completed,200.0,400.0,0,0,0,0,0,0,1,0,1,0,-72.99938926121237,-72.7200286456588
regular,1.0,1.0,256,70,2026093373,0.0,1.0,0.0,completed,none,4.203536677238124,bounded_search_completed,bounded_search_completed,200.0,400.0,0,0,0,0,0,0,1,0,1,0,-2.4563705054302716,-2.398856513403473
regular,1.0,1.0,256,71,2026093374,0.0,1.0,0.0,completed,none,4.412359560293973,bounded_search_completed,bounded_search_completed,200.0,400.0,0,0,0,0,0,0,1,0,1,0,-14.223426248725872,-13.783541873054247
regular,1.0,1.0,256,72,2026093375,0.0,1.0,0.0,completed,none,0.0,bounded_search_completed,bounded_search_completed,200.0,400.0,0,0,0,0,0,0,1,0,1,0,-62.697461353497445,-62.79715823561408
regular,1.0,1.0,256,73,2026093376,0.0,1.0,0.0,completed,none,3.365823479572371,bounded_search_completed,bounded_search_completed,200.0,400.0,0,0,0,0,0,0,1,0,1,0,-1.8377543414129036,-1.6085809728774905
regular,1.0,1.0,256,74,2026093377,0.0,1.0,0.0,completed,none,8.367886936504801,bounded_search_completed,bounded_search_completed,200.0,400.0,0,0,0,0,0,0,0,1,1,0,-11.404342657944682,-11.164357377819869
regular,1.0,1.0,256,75,2026093378,0.0,1.0,0.0,completed,none,3.4729999679618384,bounded_search_completed,bounded_search_completed,200.0,400.0,0,0,0,0,0,0,1,0,1,0,-5.663886027054502,-5.269789405717688
regular,1.0,1.0,256,76,2026093379,0.0,1.0,0.0,completed,none,11.033365874542092,bounded_search_completed,bounded_search_completed,200.0,400.0,0,0,0,0,0,0,1,1,1,0,-1.5763766277391653,-1.4267967527955818
regular,1.0,1.0,256,77,2026093380,0.0,1.0,0.0,completed,none,7.865873915933385,bounded_search_completed,bounded_search_completed,200.0,400.0,0,0,0,0,0,0,1,1,1,0,-0.3169048467222524,-0.08426925693825638
regular,1.0,1.0,256,78,2026093381,0.0,1.0,0.0,completed,none,4.349383680113432,bounded_search_completed,bounded_search_completed,200.0,400.0,0,0,0,0,0,0,1,0,1,0,-1.601063622641277,-1.304722843592117
regular,1.0,1.0,256,79,2026093382,0.0,1.0,0.0,completed,none,0.0,bounded_search_completed,bounded_search_completed,200.0,400.0,0,0,0,0,0,0,1,0,1,0,-8.518289434903409,-8.988009185325069
regular,1.0,1.0,256,80,2026093383,0.0,1.0,0.0,completed,none,3.8093702762965815,bounded_search_completed,bounded_search_completed,200.0,400.0,0,0,0,0,0,0,1,0,1,0,-0.8467923818250256,-0.625342007151346
regular,1.0,1.0,256,81,2026093384,0.0,1.0,0.0,completed,none,2.7967997187078595,bounded_search_completed,bounded_search_completed,200.0,400.0,0,0,0,0,0,0,1,0,1,0,-19.999096998127385,-19.761658696477014
regular,1.0,1.0,256,82,2026093385,0.0,1.0,0.0,completed,none,8.944327363296916,bounded_search_completed,bounded_search_completed,200.0,400.0,0,0,0,0,0,0,1,1,1,0,-1.0963558242572162,-0.875616847124121
regular,1.0,1.0,256,83,2026093386,0.0,1.0,0.0,completed,none,1.683842340102584,bounded_search_completed,bounded_search_completed,200.0,400.0,0,0,0,0,0,0,1,0,1,0,-38.51194761267624,-38.293338249545315
regular,1.0,1.0,256,84,2026093387,0.0,1.0,0.0,completed,none,9.299852214999563,bounded_search_completed,bounded_search_completed,200.0,400.0,0,0,0,0,0,0,1,1,1,0,-11.479493212525824,-11.236920474874552
regular,1.0,1.0,256,85,2026093388,0.0,1.0,0.0,completed,none,12.621721528906603,bounded_search_completed,bounded_search_completed,200.0,400.0,0,0,0,0,0,0,0,1,1,0,-2.0659891036721376,-1.8480968830144775
regular,1.0,1.0,256,86,2026093389,0.0,1.0,0.0,completed,none,8.405734799801623,bounded_search_completed,bounded_search_completed,200.0,400.0,0,0,0,0,0,0,1,1,1,0,-35.501710707374485,-35.25447087074477
regular,1.0,1.0,256,87,2026093390,0.0,1.0,0.0,completed,none,3.0458106078676797,bounded_search_completed,bounded_search_completed,200.0,400.0,0,0,0,0,0,0,1,0,1,0,-348.82676795009627,-348.4413710362036
regular,1.0,1.0,256,88,2026093391,0.0,1.0,0.0,completed,none,6.667630770036772,bounded_search_completed,bounded_search_completed,200.0,400.0,0,0,0,0,0,0,1,1,1,0,-1.3839970467150238,-1.16986297719518
regular,1.0,1.0,256,89,2026093392,0.0,1.0,0.0,completed,none,7.407753344801667,bounded_search_completed,bounded_search_completed,200.0,400.0,0,0,0,0,0,0,1,0,1,0,0.04814086381736615,0.26135730935016
regular,1.0,1.0,256,90,2026093393,0.0,1.0,0.0,completed,none,5.096253807957681,bounded_search_completed,bounded_search_completed,200.0,400.0,0,0,0,0,0,0,1,0,1,0,-3.0220037770058354,-2.8079504234761146
regular,1.0,1.0,256,91,2026093394,0.0,1.0,0.0,completed,none,7.686828151854143,bounded_search_completed,bounded_search_completed,200.0,400.0,0,0,0,0,0,0,1,0,1,0,-0.8846438863101014,-0.5128267413651599
regular,1.0,1.0,256,92,2026093395,0.0,1.0,0.0,completed,none,11.252264295625537,bounded_search_completed,bounded_search_completed,200.0,400.0,0,0,0,0,0,0,1,1,1,0,-1.8244874992938378,-1.6823245495599224
regular,1.0,1.0,256,93,2026093396,0.0,1.0,0.0,completed,none,7.868088353958255,bounded_search_completed,bounded_search_completed,200.0,400.0,0,0,0,0,0,0,1,0,1,0,-4.00955981507127,-3.933978581733726
regular,1.0,1.0,256,94,2026093397,0.0,1.0,0.0,completed,none,4.070425274564929,bounded_search_completed,bounded_search_completed,200.0,400.0,0,0,0,0,0,0,1,0,1,0,-5.611519855871649,-5.26207004547561
regular,1.0,1.0,256,95,2026093398,0.0,1.0,0.0,completed,none,24.127020028556718,bounded_search_completed,bounded_search_completed,200.0,400.0,0,0,0,0,0,0,0,1,1,0,-0.018707102301647183,0.24082879938100632
regular,1.0,1.0,256,96,2026093399,0.0,1.0,0.0,completed,none,5.755840256921826,bounded_search_completed,bounded_search_completed,200.0,400.0,0,0,0,0,0,0,1,0,1,0,-6.8570598745970415,-6.734301885030874
regular,1.0,1.0,256,97,2026093400,0.0,1.0,0.0,completed,none,2.176966199394236,bounded_search_completed,bounded_search_completed,200.0,400.0,0,0,0,0,0,0,1,0,1,0,-2.41209160869451,-2.2711314841217245
regular,1.0,1.0,256,98,2026093401,0.0,1.0,0.0,completed,none,1.2559762466570086,bounded_search_completed,bounded_search_completed,200.0,400.0,0,0,0,0,0,0,1,0,1,0,-4.907507997849478,-5.038456484268835
regular,1.0,1.0,256,99,2026093402,0.0,1.0,0.0,completed,none,2.9379471542625146,bounded_search_completed,bounded_search_completed,200.0,400.0,0,0,0,0,0,0,1,0,1,0,-2.395435090587341,-2.2053154154048684
regular,1.0,1.0,256,100,2026093403,0.0,1.0,0.0,completed,none,9.074943726385268,bounded_search_completed,bounded_search_completed,200.0,400.0,0,0,0,0,0,0,0,1,1,0,-0.9291143640306245,-0.6691827536849644
regular,4.0,1.0,64,1,2026093404,0.0,1.0,0.0,completed,none,7.692268043436195,bounded_search_completed,bounded_search_completed,200.0,400.0,0,0,0,0,0,0,1,0,1,0,-4.942860453259971,-4.115695948020427
regular,4.0,1.0,64,2,2026093405,0.0,1.0,0.0,completed,none,17.961604523988207,bounded_search_completed,bounded_search_completed,200.0,400.0,0,0,0,0,0,0,0,1,1,0,1.2065563774446986,2.1277498040379115
regular,4.0,1.0,64,3,2026093406,0.0,1.0,0.0,completed,none,6.290112846925553,bounded_search_completed,bounded_search_completed,200.0,400.0,0,0,0,0,0,0,1,0,1,0,-0.08076459496495403,0.42816776135497747
regular,4.0,1.0,64,4,2026093407,0.0,1.0,0.0,completed,none,1.7944240910520721,bounded_search_completed,bounded_search_completed,200.0,400.0,0,0,0,0,0,0,1,0,1,0,-10.201597413938318,-9.349596284885793
regular,4.0,1.0,64,5,2026093408,0.0,1.0,0.0,completed,none,12.218963733375448,bounded_search_completed,bounded_search_completed,200.0,400.0,0,0,0,0,0,0,1,1,1,0,-10.065149276959225,-9.360778885482468
regular,4.0,1.0,64,6,2026093409,0.0,1.0,0.0,completed,none,6.532767929570867,bounded_search_completed,bounded_search_completed,200.0,400.0,0,0,0,0,0,0,1,0,1,0,-4.885434174392845,-4.129413794192612
regular,4.0,1.0,64,7,2026093410,0.0,1.0,0.0,completed,none,9.53129062890217,bounded_search_completed,bounded_search_completed,200.0,400.0,0,0,0,0,0,0,1,1,1,0,-0.21448108102368835,0.5751537265952784
regular,4.0,1.0,64,8,2026093411,0.0,1.0,0.0,completed,none,7.22161678792213,bounded_search_completed,bounded_search_completed,200.0,400.0,0,0,0,0,0,0,1,0,1,0,-2.4168582477811213,-1.5811059465940502
regular,4.0,1.0,64,9,2026093412,0.0,1.0,0.0,completed,none,15.120617533403841,bounded_search_completed,bounded_search_completed,200.0,400.0,0,0,0,0,0,0,1,1,1,0,-15.984260103463729,-15.233602315425383
regular,4.0,1.0,64,10,2026093413,0.0,1.0,0.0,completed,none,3.614392111650258,bounded_search_completed,bounded_search_completed,200.0,400.0,0,0,0,0,0,0,1,0,1,0,-2.126361981346168,-2.1868394695809634
regular,4.0,1.0,64,11,2026093414,0.0,1.0,0.0,completed,none,9.371576147080281,bounded_search_completed,bounded_search_completed,200.0,400.0,0,0,0,0,0,0,1,1,1,0,-1.6202502207014398,-0.7329026150791798
regular,4.0,1.0,64,12,2026093415,0.0,1.0,0.0,completed,none,7.531319130241076,bounded_search_completed,bounded_search_completed,200.0,400.0,0,0,0,0,0,0,1,0,1,0,-2.3491472068267356,-1.694169706603958
regular,4.0,1.0,64,13,2026093416,0.0,1.0,0.0,completed,none,3.311335400833155,bounded_search_completed,bounded_search_completed,200.0,400.0,0,0,0,0,0,0,1,0,1,0,-38.48178645905128,-37.76937596907416
regular,4.0,1.0,64,14,2026093417,0.0,1.0,0.0,completed,none,11.220084642031798,bounded_search_completed,bounded_search_completed,200.0,400.0,0,0,0,0,0,0,1,1,1,0,-3.117274526082273,-1.7187973443649405
regular,4.0,1.0,64,15,2026093418,0.0,1.0,0.0,completed,none,12.479859612617798,bounded_search_completed,bounded_search_completed,200.0,400.0,0,0,0,0,0,0,1,1,1,0,-3.4751978280347124,-2.91286564844906
regular,4.0,1.0,64,16,2026093419,0.0,1.0,0.0,completed,none,9.735840952855341,bounded_search_completed,bounded_search_completed,200.0,400.0,0,0,0,0,0,0,1,1,1,0,-2.2672120314934787,-1.3744373019575349
regular,4.0,1.0,64,17,2026093420,0.0,1.0,0.0,completed,none,6.815410993014555,bounded_search_completed,bounded_search_completed,200.0,400.0,0,0,0,0,0,0,1,0,1,0,-0.06599535548613744,0.42652086492711305
regular,4.0,1.0,64,18,2026093421,0.0,1.0,0.0,completed,none,8.204838546979586,bounded_search_completed,bounded_search_completed,200.0,400.0,0,0,0,0,0,0,1,0,1,0,-2.41097466813339,-1.7420347483990621
regular,4.0,1.0,64,19,2026093422,0.0,1.0,0.0,completed,none,13.62319792411089,bounded_search_completed,bounded_search_completed,200.0,400.0,0,0,0,0,0,0,1,1,1,0,0.18822184332081093,0.7067327308681612
regular,4.0,1.0,64,20,2026093423,0.0,1.0,0.0,completed,none,8.028150684254209,bounded_search_completed,bounded_search_completed,200.0,400.0,0,0,0,0,0,0,1,1,1,0,-1.6025703716204305,-0.3142734946142838
regular,4.0,1.0,64,21,2026093424,0.0,1.0,0.0,completed,none,4.829165893768944,bounded_search_completed,bounded_search_completed,200.0,400.0,0,0,0,0,0,0,1,0,1,0,-1.3695154074228526,-0.9975664369797812
regular,4.0,1.0,64,22,2026093425,0.0,1.0,0.0,completed,none,8.113326597492746,bounded_search_completed,bounded_search_completed,200.0,400.0,0,0,0,0,0,0,1,1,1,0,-7.764488501122081,-6.766325752930108
regular,4.0,1.0,64,23,2026093426,0.0,1.0,0.0,completed,none,9.159158209017898,bounded_search_completed,bounded_search_completed,200.0,400.0,0,0,0,0,0,0,1,0,1,0,-22.533635624987287,-22.028980175468877
regular,4.0,1.0,64,24,2026093427,0.0,1.0,0.0,completed,none,4.747459201396341,bounded_search_completed,bounded_search_completed,200.0,400.0,0,0,0,0,0,0,1,0,1,0,-10.00171795395245,-9.44171473228927
regular,4.0,1.0,64,25,2026093428,0.0,1.0,0.0,completed,none,2.4436671753599586,bounded_search_completed,bounded_search_completed,200.0,400.0,0,0,0,0,0,0,1,0,1,0,-97.83197825484079,-96.73933651489922
regular,4.0,1.0,64,26,2026093429,0.0,1.0,0.0,completed,none,5.430268917102389,bounded_search_completed,bounded_search_completed,200.0,400.0,0,0,0,0,0,0,1,0,1,0,-4.280591548089031,-3.469305703276209
regular,4.0,1.0,64,27,2026093430,0.0,1.0,0.0,completed,none,6.218435810733403,bounded_search_completed,bounded_search_completed,200.0,400.0,0,0,0,0,0,0,1,0,1,0,-18.65148561003753,-17.775182119453678
regular,4.0,1.0,64,28,2026093431,0.0,1.0,0.0,completed,none,1.3201284945409504,bounded_search_completed,bounded_search_completed,200.0,400.0,0,0,0,0,0,0,1,0,1,0,-1.2638566057234542,0.029467637720024698
regular,4.0,1.0,64,29,2026093432,0.0,1.0,0.0,completed,none,15.079983543627332,bounded_search_completed,bounded_search_completed,200.0,400.0,0,0,0,0,0,0,0,1,1,0,-13.052571021786292,-12.29632804481011
regular,4.0,1.0,64,30,2026093433,0.0,1.0,0.0,completed,none,13.231955959408419,bounded_search_completed,bounded_search_completed,200.0,400.0,0,0,0,0,0,0,1,1,1,0,-0.7155029593503279,0.3278469776435351
regular,4.0,1.0,64,31,2026093434,0.0,1.0,0.0,completed,none,13.844546033799263,bounded_search_completed,bounded_search_completed,200.0,400.0,0,0,0,0,0,0,1,1,1,0,-16.760863778421818,-16.536755984315217
regular,4.0,1.0,64,32,2026093435,0.0,1.0,0.0,completed,none,14.470440375909686,bounded_search_completed,bounded_search_completed,200.0,400.0,0,0,0,0,0,0,1,1,1,0,-22.604179406979846,-21.75651721488812
regular,4.0,1.0,64,33,2026093436,0.0,1.0,0.0,completed,none,3.205640167521675,bounded_search_completed,bounded_search_completed,200.0,400.0,0,0,0,0,0,0,1,0,1,0,-5.766564074574045,-4.763789737121353
regular,4.0,1.0,64,34,2026093437,0.0,1.0,0.0,completed,none,19.50931312884402,bounded_search_completed,bounded_search_completed,200.0,400.0,0,0,0,0,0,0,0,1,1,0,0.8858195230852104,2.1119955464409017
regular,4.0,1.0,64,35,2026093438,0.0,1.0,0.0,completed,none,11.280433137554416,bounded_search_completed,bounded_search_completed,200.0,400.0,0,0,0,0,0,0,1,1,1,0,-3.6120588933258944,-2.739260921446345
regular,4.0,1.0,64,36,2026093439,0.0,1.0,0.0,completed,none,13.32401073439354,bounded_search_completed,bounded_search_completed,200.0,400.0,0,0,0,0,0,0,1,1,1,0,0.26260007899837845,1.0262825715990438
regular,4.0,1.0,64,37,2026093440,0.0,1.0,0.0,completed,none,17.57203652329986,bounded_search_completed,bounded_search_completed,200.0,400.0,0,0,0,0,0,0,0,1,1,0,-9.811112861120833,-9.514175728896632
regular,4.0,1.0,64,38,2026093441,0.0,1.0,0.0,completed,none,26.355839864088985,bounded_search_completed,bounded_search_completed,200.0,400.0,0,0,0,0,0,0,0,1,1,0,-0.23337443284659187,0.7685034600525178
regular,4.0,1.0,64,39,2026093442,0.0,1.0,0.0,completed,none,8.904364206274765,bounded_search_completed,bounded_search_completed,200.0,400.0,0,0,0,0,0,0,1,1,1,0,-3.4605328970628086,-1.950840055996455
regular,4.0,1.0,64,40,2026093443,0.0,1.0,0.0,completed,none,11.26858950323095,bounded_search_completed,bounded_search_completed,200.0,400.0,0,0,0,0,0,0,1,1,1,0,-3.0265965434744437,-2.2989716797426674
regular,4.0,1.0,64,41,2026093444,0.0,1.0,0.0,completed,none,8.654180769931234,bounded_search_completed,bounded_search_completed,200.0,400.0,0,0,0,0,0,0,1,1,1,0,-7.662365112908876,-6.785169005297082
regular,4.0,1.0,64,42,2026093445,0.0,1.0,0.0,completed,none,8.820988643354303,bounded_search_completed,bounded_search_completed,200.0,400.0,0,0,0,0,0,0,1,1,1,0,-2.357436056113908,-1.4403614015406951
regular,4.0,1.0,64,43,2026093446,0.0,1.0,0.0,completed,none,19.03722624456342,bounded_search_completed,bounded_search_completed,200.0,400.0,0,0,0,0,0,0,0,1,1,0,-1.6707610643977482,-0.868956688640214
regular,4.0,1.0,64,44,2026093447,0.0,1.0,0.0,completed,none,4.8423947513532895,bounded_search_completed,bounded_search_completed,200.0,400.0,0,0,0,0,0,0,1,0,1,0,-5.244877540479532,-4.242290501257582
regular,4.0,1.0,64,45,2026093448,0.0,1.0,0.0,completed,none,5.850646742032373,bounded_search_completed,bounded_search_completed,200.0,400.0,0,0,0,0,0,0,1,0,1,0,-5.015873209264424,-3.2245410187591865
regular,4.0,1.0,64,46,2026093449,0.0,1.0,0.0,completed,none,6.688774862554574,bounded_search_completed,bounded_search_completed,200.0,400.0,0,0,0,0,0,0,1,0,1,0,-8.933599715890335,-6.65587490058439
regular,4.0,1.0,64,47,2026093450,0.0,1.0,0.0,completed,none,18.355126527500165,bounded_search_completed,bounded_search_completed,200.0,400.0,0,0,0,0,0,0,0,1,1,0,-25.611967991142876,-24.701218033340744
regular,4.0,1.0,64,48,2026093451,0.0,1.0,0.0,completed,none,5.967035042019557,bounded_search_completed,bounded_search_completed,200.0,400.0,0,0,0,0,0,0,1,0,1,0,-11.945120844027285,-11.18221559471167
regular,4.0,1.0,64,49,2026093452,0.0,1.0,0.0,completed,none,5.775717547432186,bounded_search_completed,bounded_search_completed,200.0,400.0,0,0,0,0,0,0,1,0,1,0,-7.25324532960601,-5.802812777889201
regular,4.0,1.0,64,50,2026093453,0.0,1.0,0.0,completed,none,8.677727130106302,bounded_search_completed,bounded_search_completed,200.0,400.0,0,0,0,0,0,0,1,1,1,0,-0.9949011104766186,-0.1824125631706508
regular,4.0,1.0,64,51,2026093454,0.0,1.0,0.0,completed,none,7.175317124018061,bounded_search_completed,bounded_search_completed,200.0,400.0,0,0,0,0,0,0,1,0,1,0,-47.56206612977371,-46.701561210443785
regular,4.0,1.0,64,52,2026093455,0.0,1.0,0.0,completed,none,7.348030745627843,bounded_search_completed,bounded_search_completed,200.0,400.0,0,0,0,0,0,0,1,0,1,0,-1.2510987776529063,-0.4825488522488044
regular,4.0,1.0,64,53,2026093456,0.0,1.0,0.0,completed,none,7.078944104278689,bounded_search_completed,bounded_search_completed,200.0,400.0,0,0,0,0,0,0,1,0,1,0,-2.5572726448380187,-1.6198597402255182
regular,4.0,1.0,64,54,2026093457,0.0,1.0,0.0,completed,none,10.984402204448324,bounded_search_completed,bounded_search_completed,200.0,400.0,0,0,0,0,0,0,1,1,1,0,-5.465773804302614,-5.1950554714618775
regular,4.0,1.0,64,55,2026093458,0.0,1.0,0.0,completed,none,4.917623722138727,bounded_search_completed,bounded_search_completed,200.0,400.0,0,0,0,0,0,0,1,0,1,0,-2.954596075344277,-2.199076538463821
regular,4.0,1.0,64,56,2026093459,0.0,1.0,0.0,completed,none,4.904606574522477,bounded_search_completed,bounded_search_completed,200.0,400.0,0,0,0,0,0,0,1,0,1,0,-55.216745797582206,-54.26509314138749
regular,4.0,1.0,64,57,2026093460,0.0,1.0,0.0,completed,none,31.0968580802459,bounded_search_completed,bounded_search_completed,200.0,400.0,0,0,0,0,0,0,0,1,1,0,1.7674809663652944,2.669329240913026
regular,4.0,1.0,64,58,2026093461,0.0,1.0,0.0,completed,none,5.448448067326361,bounded_search_completed,bounded_search_completed,200.0,400.0,0,0,0,0,0,0,1,0,1,0,-1.5381190781438114,-0.3700122341023935
regular,4.0,1.0,64,59,2026093462,0.0,1.0,0.0,completed,none,7.604466486390746,bounded_search_completed,bounded_search_completed,200.0,400.0,0,0,0,0,0,0,1,0,1,0,-4.049963984752587,-2.6311394069924674
regular,4.0,1.0,64,60,2026093463,0.0,1.0,0.0,completed,none,8.062939870338065,bounded_search_completed,bounded_search_completed,200.0,400.0,0,0,0,0,0,0,1,1,1,0,-3.4422488509435603,-2.731898137541382
regular,4.0,1.0,64,61,2026093464,0.0,1.0,0.0,completed,none,6.297537890554019,bounded_search_completed,bounded_search_completed,200.0,400.0,0,0,0,0,0,0,1,0,1,0,-17.18536705555725,-17.10412062747986
regular,4.0,1.0,64,62,2026093465,0.0,1.0,0.0,completed,none,2.9597000227844377,bounded_search_completed,bounded_search_completed,200.0,400.0,0,0,0,0,0,0,1,0,1,0,-62.204443074915204,-61.00364963145189
regular,4.0,1.0,64,63,2026093466,0.0,1.0,0.0,completed,none,4.213180251003498,bounded_search_completed,bounded_search_completed,200.0,400.0,0,0,0,0,0,0,1,0,1,0,-54.965241563204714,-54.4319977001246
regular,4.0,1.0,64,64,2026093467,0.0,1.0,0.0,completed,none,8.030257432627833,bounded_search_completed,bounded_search_completed,200.0,400.0,0,0,0,0,0,0,1,1,1,0,-26.760652280732305,-25.44129611455136
regular,4.0,1.0,64,65,2026093468,0.0,1.0,0.0,completed,none,7.414409456850491,bounded_search_completed,bounded_search_completed,200.0,400.0,0,0,0,0,0,0,1,0,1,0,-30.061168469611847,-28.943121205883163
regular,4.0,1.0,64,66,2026093469,0.0,1.0,0.0,completed,none,18.704750052369576,bounded_search_completed,bounded_search_completed,200.0,400.0,0,0,0,0,0,0,0,1,1,0,-6.1026236585482465,-5.236738160727718
regular,4.0,1.0,64,67,2026093470,0.0,1.0,0.0,completed,none,5.8731613946831205,bounded_search_completed,bounded_search_completed,200.0,400.0,0,0,0,0,0,0,1,0,1,0,-21.112319807885026,-20.398091642485884
regular,4.0,1.0,64,68,2026093471,0.0,1.0,0.0,completed,none,7.317837018896746,bounded_search_completed,bounded_search_completed,200.0,400.0,0,0,0,0,0,0,1,0,1,0,-24.792880203643353,-23.708277492401205
regular,4.0,1.0,64,69,2026093472,0.0,1.0,0.0,completed,none,5.342703264326972,bounded_search_completed,bounded_search_completed,200.0,400.0,0,0,0,0,0,0,1,0,1,0,-29.721674577577296,-28.930568590327503
regular,4.0,1.0,64,70,2026093473,0.0,1.0,0.0,completed,none,7.227252151849602,bounded_search_completed,bounded_search_completed,200.0,400.0,0,0,0,0,0,0,1,0,1,0,-2.6439392033617857,-2.1999558222011153
regular,4.0,1.0,64,71,2026093474,0.0,1.0,0.0,completed,none,11.841994788337319,bounded_search_completed,bounded_search_completed,200.0,400.0,0,0,0,0,0,0,1,1,1,0,-5.69046755964305,-5.28517361501763
regular,4.0,1.0,64,72,2026093475,0.0,1.0,0.0,completed,none,5.314097685368922,bounded_search_completed,bounded_search_completed,200.0,400.0,0,0,0,0,0,0,1,0,1,0,-0.4781940991332547,0.43119305859066515
regular,4.0,1.0,64,73,2026093476,0.0,1.0,0.0,completed,none,8.933505029372848,bounded_search_completed,bounded_search_completed,200.0,400.0,0,0,0,0,0,0,1,1,1,0,-103.32422936421194,-102.4029824883878
regular,4.0,1.0,64,74,2026093477,0.0,1.0,0.0,completed,none,25.827812183067525,bounded_search_completed,bounded_search_completed,200.0,400.0,0,0,0,0,0,0,0,1,1,1,2.310862719943337,3.2317190213865175
regular,4.0,1.0,64,75,2026093478,0.0,1.0,0.0,completed,none,3.3982816427639095,bounded_search_completed,bounded_search_completed,200.0,400.0,0,0,0,0,0,0,1,0,1,0,-4.405014569136345,-3.388232826586151
regular,4.0,1.0,64,76,2026093479,0.0,1.0,0.0,completed,none,6.044865553954452,bounded_search_completed,bounded_search_completed,200.0,400.0,0,0,0,0,0,0,1,0,1,0,-2.542113438355294,-1.9974243089122226
regular,4.0,1.0,64,77,2026093480,0.0,1.0,0.0,completed,none,11.020912239021328,bounded_search_completed,bounded_search_completed,200.0,400.0,0,0,0,0,0,0,1,1,1,0,-4.556997780700208,-3.190228073681915
regular,4.0,1.0,64,78,2026093481,0.0,1.0,0.0,completed,none,4.256400693780334,bounded_search_completed,bounded_search_completed,200.0,400.0,0,0,0,0,0,0,1,0,1,0,-17.20079463913808,-16.942554314706967
regular,4.0,1.0,64,79,2026093482,0.0,1.0,0.0,completed,none,3.44029947331823,bounded_search_completed,bounded_search_completed,200.0,400.0,0,0,0,0,0,0,1,0,1,0,-3.0304993349435847,-2.759905925844542
regular,4.0,1.0,64,80,2026093483,0.0,1.0,0.0,completed,none,6.293546176920607,bounded_search_completed,bounded_search_completed,200.0,400.0,0,0,0,0,0,0,1,0,1,0,-5.59970251917639,-4.991540080659867
regular,4.0,1.0,64,81,2026093484,0.0,1.0,0.0,completed,none,4.629801915385982,bounded_search_completed,bounded_search_completed,200.0,400.0,0,0,0,0,0,0,1,0,1,0,-7.026568696899503,-5.6568581890696805
regular,4.0,1.0,64,82,2026093485,0.0,1.0,0.0,completed,none,3.1252967398386318,bounded_search_completed,bounded_search_completed,200.0,400.0,0,0,0,0,0,0,1,0,1,0,-6.751666357137815,-5.724677886952847
regular,4.0,1.0,64,83,2026093486,0.0,1.0,0.0,completed,none,16.96503891839259,bounded_search_completed,bounded_search_completed,200.0,400.0,0,0,0,0,0,0,0,1,1,0,-15.495875086942235,-14.83329924650063
regular,4.0,1.0,64,84,2026093487,0.0,1.0,0.0,completed,none,7.674679649669959,bounded_search_completed,bounded_search_completed,200.0,400.0,0,0,0,0,0,0,1,0,1,0,-2.170016796568195,-1.486866679151948
regular,4.0,1.0,64,85,2026093488,0.0,1.0,0.0,completed,none,12.034480121310434,bounded_search_completed,bounded_search_completed,200.0,400.0,0,0,0,0,0,0,1,1,1,0,-15.87632141045076,-14.886510035467563
regular,4.0,1.0,64,86,2026093489,0.0,1.0,0.0,completed,none,4.877692964399973,bounded_search_completed,bounded_search_completed,200.0,400.0,0,0,0,0,0,0,1,0,1,0,-2.7636831528238908,-2.214353633000375
regular,4.0,1.0,64,87,2026093490,0.0,1.0,0.0,completed,none,3.3339988764778257,bounded_search_completed,bounded_search_completed,200.0,400.0,0,0,0,0,0,0,1,0,1,0,-6.049779106608419,-5.862088371228218
regular,4.0,1.0,64,88,2026093491,0.0,1.0,0.0,completed,none,4.035798104929228,bounded_search_completed,bounded_search_completed,200.0,400.0,0,0,0,0,0,0,1,0,1,0,-5.733977024478865,-4.898868170127852
regular,4.0,1.0,64,89,2026093492,0.0,1.0,0.0,completed,none,9.009814204378547,bounded_search_completed,bounded_search_completed,200.0,400.0,0,0,0,0,0,0,1,1,1,0,0.2098130754030585,1.1454947700064189
regular,4.0,1.0,64,90,2026093493,0.0,1.0,0.0,completed,none,11.051454259967494,bounded_search_completed,bounded_search_completed,200.0,400.0,0,0,0,0,0,0,1,1,1,0,-2.82498921678598,-1.9980685859419793
regular,4.0,1.0,64,91,2026093494,0.0,1.0,0.0,completed,none,13.634566771720575,bounded_search_completed,bounded_search_completed,200.0,400.0,0,0,0,0,0,0,1,1,1,0,-4.58403850591495,-3.7947650085340037
regular,4.0,1.0,64,92,2026093495,0.0,1.0,0.0,completed,none,1.3548539828218964,bounded_search_completed,bounded_search_completed,200.0,400.0,0,0,0,0,0,0,1,0,1,0,-111.44470771259121,-110.09143638243258
regular,4.0,1.0,64,93,2026093496,0.0,1.0,0.0,completed,none,9.152676499094818,bounded_search_completed,bounded_search_completed,200.0,400.0,0,0,0,0,0,0,1,1,1,0,-6.350845516986773,-5.086432137240934
regular,4.0,1.0,64,94,2026093497,0.0,1.0,0.0,completed,none,5.880740658825962,bounded_search_completed,bounded_search_completed,200.0,400.0,0,0,0,0,0,0,1,0,1,0,-2.228568802841128,-1.8834967521226567
regular,4.0,1.0,64,95,2026093498,0.0,1.0,0.0,completed,none,5.730307717285815,bounded_search_completed,bounded_search_completed,200.0,400.0,0,0,0,0,0,0,1,0,1,0,-2.6412926959639123,-2.111792360808778
regular,4.0,1.0,64,96,2026093499,0.0,1.0,0.0,completed,none,6.886402417795706,bounded_search_completed,bounded_search_completed,200.0,400.0,0,0,0,0,0,0,1,0,1,0,-16.25543380275834,-15.445739000895669
regular,4.0,1.0,64,97,2026093500,0.0,1.0,0.0,completed,none,13.557591858086958,bounded_search_completed,bounded_search_completed,200.0,400.0,0,0,0,0,0,0,1,1,1,0,-2.893358291716627,-1.3843409109685147
regular,4.0,1.0,64,98,2026093501,0.0,1.0,0.0,completed,none,4.347768188124496,bounded_search_completed,bounded_search_completed,200.0,400.0,0,0,0,0,0,0,1,0,1,0,-10.480484693238205,-9.892635931142104
regular,4.0,1.0,64,99,2026093502,0.0,1.0,0.0,completed,none,8.10784777040294,bounded_search_completed,bounded_search_completed,200.0,400.0,0,0,0,0,0,0,1,0,1,0,-0.12155520444174783,0.6110469856743492
regular,4.0,1.0,64,100,2026093503,0.0,1.0,0.0,completed,none,4.652816714904903,bounded_search_completed,bounded_search_completed,200.0,400.0,0,0,0,0,0,0,1,0,1,0,-6.335081684491689,-5.259497660701966
regular,4.0,1.0,256,1,2026093504,0.0,1.0,0.0,completed,none,2.856175955137753,bounded_search_completed,bounded_search_completed,200.0,400.0,0,0,0,0,0,0,1,0,1,0,-2.5768898362863695,-2.0986859976214305
regular,4.0,1.0,256,2,2026093505,0.0,1.0,0.0,completed,none,15.499331692278954,bounded_search_completed,bounded_search_completed,200.0,400.0,0,0,0,0,0,0,0,1,1,0,-0.44215623317714403,0.348018700675766
regular,4.0,1.0,256,3,2026093506,0.0,1.0,0.0,completed,none,9.91743468806572,bounded_search_completed,bounded_search_completed,200.0,400.0,0,0,0,0,0,0,1,1,1,0,-1.7911167693823131,-1.154450785304988
regular,4.0,1.0,256,4,2026093507,0.0,1.0,0.0,completed,none,5.7175613969284,bounded_search_completed,bounded_search_completed,200.0,400.0,0,0,0,0,0,0,1,0,1,0,-2.616996470127816,-1.8946835927766017
regular,4.0,1.0,256,5,2026093508,0.0,1.0,0.0,completed,none,6.724079543697451,bounded_search_completed,bounded_search_completed,200.0,400.0,0,0,0,0,0,0,1,0,1,0,-10.695360456475669,-9.642145490979175
regular,4.0,1.0,256,6,2026093509,0.0,1.0,0.0,completed,none,8.235613139684235,bounded_search_completed,bounded_search_completed,200.0,400.0,0,0,0,0,0,0,1,0,1,0,-6.954334962196924,-6.41040886500133
regular,4.0,1.0,256,7,2026093510,0.0,1.0,0.0,completed,none,3.8481893420511586,bounded_search_completed,bounded_search_completed,200.0,400.0,0,0,0,0,0,0,1,0,1,0,-10.171001853125802,-9.217038803646261
regular,4.0,1.0,256,8,2026093511,0.0,1.0,0.0,completed,none,12.331135817204022,bounded_search_completed,bounded_search_completed,200.0,400.0,0,0,0,0,0,0,1,1,1,0,-1.0735365764229812,-0.1503923271619385
regular,4.0,1.0,256,9,2026093512,0.0,1.0,0.0,completed,none,8.379660665017678,bounded_search_completed,bounded_search_completed,200.0,400.0,0,0,0,0,0,0,1,1,1,0,-3.1675959274127763,-1.9888979407069485
regular,4.0,1.0,256,10,2026093513,0.0,1.0,0.0,completed,none,13.319185278705977,bounded_search_completed,bounded_search_completed,200.0,400.0,0,0,0,0,0,0,1,1,1,0,-6.4488411341273775,-5.831406857649654
regular,4.0,1.0,256,11,2026093514,0.0,1.0,0.0,completed,none,9.78345884985438,bounded_search_completed,bounded_search_completed,200.0,400.0,0,0,0,0,0,0,1,1,1,0,0.281598407050069,1.204968892132996
regular,4.0,1.0,256,12,2026093515,0.0,1.0,0.0,completed,none,8.948054881894237,bounded_search_completed,bounded_search_completed,200.0,400.0,0,0,0,0,0,0,1,1,1,0,-6.101383640028416,-5.425850806115932
regular,4.0,1.0,256,13,2026093516,0.0,1.0,0.0,completed,none,11.192045951032085,bounded_search_completed,bounded_search_completed,200.0,400.0,0,0,0,0,0,0,1,1,1,0,0.23004101358802131,1.1115851179349931
regular,4.0,1.0,256,14,2026093517,0.0,1.0,0.0,completed,none,5.7965480469207185,bounded_search_completed,bounded_search_completed,200.0,400.0,0,0,0,0,0,0,1,0,1,0,-0.6721844331828208,0.24224675785512773
regular,4.0,1.0,256,15,2026093518,0.0,1.0,0.0,completed,none,11.586971124169489,bounded_search_completed,bounded_search_completed,200.0,400.0,0,0,0,0,0,0,1,1,1,0,-0.9000724571623664,-0.07768824925133799
regular,4.0,1.0,256,16,2026093519,0.0,1.0,0.0,completed,none,3.4383319821146494,bounded_search_completed,bounded_search_completed,200.0,400.0,0,0,0,0,0,0,1,0,1,0,-4.2640781549033875,-3.252927365052443
regular,4.0,1.0,256,17,2026093520,0.0,1.0,0.0,completed,none,4.466913982833181,bounded_search_completed,bounded_search_completed,200.0,400.0,0,0,0,0,0,0,1,0,1,0,-0.38846492843478586,-0.486602965550901
regular,4.0,1.0,256,18,2026093521,0.0,1.0,0.0,completed,none,14.437260413528287,bounded_search_completed,bounded_search_completed,200.0,400.0,0,0,0,0,0,0,0,1,1,0,-0.47573765503162235,0.4081029857608769
regular,4.0,1.0,256,19,2026093522,0.0,1.0,0.0,completed,none,7.230587602146219,bounded_search_completed,bounded_search_completed,200.0,400.0,0,0,0,0,0,0,1,0,1,0,-5.450816682448476,-4.6450538732293865
regular,4.0,1.0,256,20,2026093523,0.0,1.0,0.0,completed,none,11.37465038839033,bounded_search_completed,bounded_search_completed,200.0,400.0,0,0,0,0,0,0,1,1,1,0,-7.771416270829576,-7.018108715348802
regular,4.0,1.0,256,21,2026093524,0.0,1.0,0.0,completed,none,4.961207253193702,bounded_search_completed,bounded_search_completed,200.0,400.0,0,0,0,0,0,0,1,0,1,0,-4.907472370902383,-4.718680790244036
regular,4.0,1.0,256,22,2026093525,0.0,1.0,0.0,completed,none,4.719670194706812,bounded_search_completed,bounded_search_completed,200.0,400.0,0,0,0,0,0,0,1,0,1,0,-1.4470441335395492,-0.6051312701281688
regular,4.0,1.0,256,23,2026093526,0.0,1.0,0.0,completed,none,8.548473351580098,bounded_search_completed,bounded_search_completed,200.0,400.0,0,0,0,0,0,0,1,1,1,0,0.12406487004022893,0.6732740909138499
regular,4.0,1.0,256,24,2026093527,0.0,1.0,0.0,completed,none,5.642003640324846,bounded_search_completed,bounded_search_completed,200.0,400.0,0,0,0,0,0,0,1,0,1,0,-4.177831667170182,-3.2383155079998573
regular,4.0,1.0,256,25,2026093528,0.0,1.0,0.0,completed,none,4.219976672549151,bounded_search_completed,bounded_search_completed,200.0,400.0,0,0,0,0,0,0,1,0,1,0,-7.95550705045477,-7.014269702707992
regular,4.0,1.0,256,26,2026093529,0.0,1.0,0.0,completed,none,9.441366916886416,bounded_search_completed,bounded_search_completed,200.0,400.0,0,0,0,0,0,0,1,1,1,0,0.359760010999139,1.116829432325801
regular,4.0,1.0,256,27,2026093530,0.0,1.0,0.0,completed,none,10.989335984385665,bounded_search_completed,bounded_search_completed,200.0,400.0,0,0,0,0,0,0,1,1,1,0,-1.3513486805429125,-0.472534820348983
regular,4.0,1.0,256,28,2026093531,0.0,1.0,0.0,completed,none,19.58386105181497,bounded_search_completed,bounded_search_completed,200.0,400.0,0,0,0,0,0,0,0,1,1,0,1.6582760730136101,2.646151119521164
regular,4.0,1.0,256,29,2026093532,0.0,1.0,0.0,completed,none,8.84753402425804,bounded_search_completed,bounded_search_completed,200.0,400.0,0,0,0,0,0,0,1,1,1,0,-0.08584428064187932,0.8078784605917235
regular,4.0,1.0,256,30,2026093533,0.0,1.0,0.0,completed,none,24.754309547046912,bounded_search_completed,bounded_search_completed,200.0,400.0,0,0,0,0,0,0,0,1,1,0,1.452584741177219,2.4230198365895887
regular,4.0,1.0,256,31,2026093534,0.0,1.0,0.0,completed,none,6.8430409061599775,bounded_search_completed,bounded_search_completed,200.0,400.0,0,0,0,0,0,0,1,0,1,0,-1.9161196342485027,-0.9235099670539739
regular,4.0,1.0,256,32,2026093535,0.0,1.0,0.0,completed,none,7.858441609794191,bounded_search_completed,bounded_search_completed,200.0,400.0,0,0,0,0,0,0,1,1,1,0,-0.41499899501641835,0.5762302002595732
regular,4.0,1.0,256,33,2026093536,0.0,1.0,0.0,completed,none,10.08417431474818,bounded_search_completed,bounded_search_completed,200.0,400.0,0,0,0,0,0,0,1,1,1,0,-11.29741950740464,-11.021458270475904
regular,4.0,1.0,256,34,2026093537,0.0,1.0,0.0,completed,none,7.7748472886938025,bounded_search_completed,bounded_search_completed,200.0,400.0,0,0,0,0,0,0,1,1,1,0,-26.56208657616142,-26.024950467976453
regular,4.0,1.0,256,35,2026093538,0.0,1.0,0.0,completed,none,11.659975091033047,bounded_search_completed,bounded_search_completed,200.0,400.0,0,0,0,0,0,0,1,1,1,0,-4.032170831660665,-3.2511389606352736
regular,4.0,1.0,256,36,2026093539,0.0,1.0,0.0,completed,none,5.333636430347747,bounded_search_completed,bounded_search_completed,200.0,400.0,0,0,0,0,0,0,1,0,1,0,-7.212029473799163,-6.202220069693993
regular,4.0,1.0,256,37,2026093540,0.0,1.0,0.0,completed,none,9.49665635991714,bounded_search_completed,bounded_search_completed,200.0,400.0,0,0,0,0,0,0,1,1,1,0,-11.38240408165953,-10.382608974644512
regular,4.0,1.0,256,38,2026093541,0.0,1.0,0.0,completed,none,14.63698137674934,bounded_search_completed,bounded_search_completed,200.0,400.0,0,0,0,0,0,0,1,1,1,0,0.7097498789604515,1.6956850783868163
regular,4.0,1.0,256,39,2026093542,0.0,1.0,0.0,completed,none,10.113049757513059,bounded_search_completed,bounded_search_completed,200.0,400.0,0,0,0,0,0,0,1,1,1,0,-2.6714070200485196,-1.6058325770364092
regular,4.0,1.0,256,40,2026093543,0.0,1.0,0.0,completed,none,22.49433249248009,bounded_search_completed,bounded_search_completed,200.0,400.0,0,0,0,0,0,0,0,1,1,0,-3.009513696943685,-2.098709034095833
regular,4.0,1.0,256,41,2026093544,0.0,1.0,0.0,completed,none,2.4405841490686875,bounded_search_completed,bounded_search_completed,200.0,400.0,0,0,0,0,0,0,1,0,1,0,-27.701371492196387,-26.847287647902277
regular,4.0,1.0,256,42,2026093545,0.0,1.0,0.0,completed,none,7.669880167978317,bounded_search_completed,bounded_search_completed,200.0,400.0,0,0,0,0,0,0,1,0,1,0,-2.631994946589657,-1.439199208533438
regular,4.0,1.0,256,43,2026093546,0.0,1.0,0.0,completed,none,3.9108355733616618,bounded_search_completed,bounded_search_completed,200.0,400.0,0,0,0,0,0,0,1,0,1,0,-21.25586637157437,-20.155312032313418
regular,4.0,1.0,256,44,2026093547,0.0,1.0,0.0,completed,none,4.1330512133467225,bounded_search_completed,bounded_search_completed,200.0,400.0,0,0,0,0,0,0,1,0,1,0,-3.273866495471509,-2.032755124868004
regular,4.0,1.0,256,45,2026093548,0.0,1.0,0.0,completed,none,8.52871678544324,bounded_search_completed,bounded_search_completed,200.0,400.0,0,0,0,0,0,0,1,1,1,0,-5.730161964407415,-4.8155833950134195
regular,4.0,1.0,256,46,2026093549,0.0,1.0,0.0,completed,none,5.217286722681035,bounded_search_completed,bounded_search_completed,200.0,400.0,0,0,0,0,0,0,1,0,1,0,-46.35511494781193,-45.640456668134135
regular,4.0,1.0,256,47,2026093550,0.0,1.0,0.0,completed,none,12.020514220464179,bounded_search_completed,bounded_search_completed,200.0,400.0,0,0,0,0,0,0,1,1,1,0,-1.4246105835009644,-0.5904570939724181
regular,4.0,1.0,256,48,2026093551,0.0,1.0,0.0,completed,none,13.889391660377708,bounded_search_completed,bounded_search_completed,200.0,400.0,0,0,0,0,0,0,1,1,1,0,-1.4372296335051828,-0.7385416986774942
regular,4.0,1.0,256,49,2026093552,0.0,1.0,0.0,completed,none,10.542008193576635,bounded_search_completed,bounded_search_completed,200.0,400.0,0,0,0,0,0,0,1,1,1,0,-0.43034205538810966,0.5334036313148545
regular,4.0,1.0,256,50,2026093553,0.0,1.0,0.0,completed,none,3.940564097079202,bounded_search_completed,bounded_search_completed,200.0,400.0,0,0,0,0,0,0,1,0,1,0,-4.9492228991489355,-4.580425015569716
regular,4.0,1.0,256,51,2026093554,0.0,1.0,0.0,completed,none,3.0504935617391644,bounded_search_completed,bounded_search_completed,200.0,400.0,0,0,0,0,0,0,1,0,1,0,-7.53906743691951,-5.7814843935220495
regular,4.0,1.0,256,52,2026093555,0.0,1.0,0.0,completed,none,5.088727116178734,bounded_search_completed,bounded_search_completed,200.0,400.0,0,0,0,0,0,0,1,0,1,0,-3.4329652418550154,-3.142056130194362
regular,4.0,1.0,256,53,2026093556,0.0,1.0,0.0,completed,none,3.3190345105018304,bounded_search_completed,bounded_search_completed,200.0,400.0,0,0,0,0,0,0,1,0,1,0,-1.608296799505979,-0.5989203655895778
regular,4.0,1.0,256,54,2026093557,0.0,1.0,0.0,completed,none,2.977156104214561,bounded_search_completed,bounded_search_completed,200.0,400.0,0,0,0,0,0,0,1,0,1,0,-8.416649951759752,-8.945183397604467
regular,4.0,1.0,256,55,2026093558,0.0,1.0,0.0,completed,none,12.410643772578263,bounded_search_completed,bounded_search_completed,200.0,400.0,0,0,0,0,0,0,1,1,1,0,0.385404920266069,1.2260977076174697
regular,4.0,1.0,256,56,2026093559,0.0,1.0,0.0,completed,none,8.043246400811183,bounded_search_completed,bounded_search_completed,200.0,400.0,0,0,0,0,0,0,1,1,1,0,-20.59320842911066,-19.560278766267004
regular,4.0,1.0,256,57,2026093560,0.0,1.0,0.0,completed,none,7.045169100776513,bounded_search_completed,bounded_search_completed,200.0,400.0,0,0,0,0,0,0,1,0,1,0,-38.11222285614261,-36.97378920493966
regular,4.0,1.0,256,58,2026093561,0.0,1.0,0.0,completed,none,3.0844967460557426,bounded_search_completed,bounded_search_completed,200.0,400.0,0,0,0,0,0,0,1,0,1,0,-1.3736800133044653,-0.5647925260030604
regular,4.0,1.0,256,59,2026093562,0.0,1.0,0.0,completed,none,4.430927398986277,bounded_search_completed,bounded_search_completed,200.0,400.0,0,0,0,0,0,0,1,0,1,0,-7.512135944948881,-6.398673797485827
regular,4.0,1.0,256,60,2026093563,0.0,1.0,0.0,completed,none,12.227454419630078,bounded_search_completed,bounded_search_completed,200.0,400.0,0,0,0,0,0,0,1,1,1,0,-1.034934612795496,0.052580670964005094
regular,4.0,1.0,256,61,2026093564,0.0,1.0,0.0,completed,none,0.5534734379154908,bounded_search_completed,bounded_search_completed,200.0,400.0,0,0,0,0,0,0,1,0,1,0,-31.431773063084705,-30.701837880917168
regular,4.0,1.0,256,62,2026093565,0.0,1.0,0.0,completed,none,7.512810290726197,bounded_search_completed,bounded_search_completed,200.0,400.0,0,0,0,0,0,0,1,1,1,0,-0.9721269667097374,-0.17240493363422615
regular,4.0,1.0,256,63,2026093566,0.0,1.0,0.0,completed,none,3.1897986078999763,bounded_search_completed,bounded_search_completed,200.0,400.0,0,0,0,0,0,0,1,0,1,0,-1.6356995544990696,-0.7919250832924263
regular,4.0,1.0,256,64,2026093567,0.0,1.0,0.0,completed,none,6.534270607613574,bounded_search_completed,bounded_search_completed,200.0,400.0,0,0,0,0,0,0,1,0,1,0,-4.975448922255538,-4.355572525316518
regular,4.0,1.0,256,65,2026093568,0.0,1.0,0.0,completed,none,8.791119910930954,bounded_search_completed,bounded_search_completed,200.0,400.0,0,0,0,0,0,0,1,1,1,0,-2.4492885356516467,-1.5990797081178698
regular,4.0,1.0,256,66,2026093569,0.0,1.0,0.0,completed,none,2.833750983839565,bounded_search_completed,bounded_search_completed,200.0,400.0,0,0,0,0,0,0,1,0,1,0,-0.6492412644048784,-1.3390849381563044
regular,4.0,1.0,256,67,2026093570,0.0,1.0,0.0,completed,none,7.007202195671459,bounded_search_completed,bounded_search_completed,200.0,400.0,0,0,0,0,0,0,1,0,1,0,-0.5972967487928997,0.5061822590971303
regular,4.0,1.0,256,68,2026093571,0.0,1.0,0.0,completed,none,6.192384705641062,bounded_search_completed,bounded_search_completed,200.0,400.0,0,0,0,0,0,0,1,0,1,0,-4.470019034690068,-3.8344366364601683
regular,4.0,1.0,256,69,2026093572,0.0,1.0,0.0,completed,none,3.9678136120964376,bounded_search_completed,bounded_search_completed,200.0,400.0,0,0,0,0,0,0,1,0,1,0,-12.82223409326167,-12.829320670483071
regular,4.0,1.0,256,70,2026093573,0.0,1.0,0.0,completed,none,10.462744464226517,bounded_search_completed,bounded_search_completed,200.0,400.0,0,0,0,0,0,0,1,1,1,0,-1.694986810366089,-0.8737445717798664
regular,4.0,1.0,256,71,2026093574,0.0,1.0,0.0,completed,none,5.419796033592798,bounded_search_completed,bounded_search_completed,200.0,400.0,0,0,0,0,0,0,1,0,1,0,-6.408782225310745,-6.076919982471452
regular,4.0,1.0,256,72,2026093575,0.0,1.0,0.0,completed,none,15.80208749663743,bounded_search_completed,bounded_search_completed,200.0,400.0,0,0,0,0,0,0,0,1,1,0,0.9550775450692299,2.01864939167848
regular,4.0,1.0,256,73,2026093576,0.0,1.0,0.0,completed,none,19.66945548970465,bounded_search_completed,bounded_search_completed,200.0,400.0,0,0,0,0,0,0,0,1,1,0,0.6049115481656031,1.430071035559223
regular,4.0,1.0,256,74,2026093577,0.0,1.0,0.0,completed,none,5.610136012448804,bounded_search_completed,bounded_search_completed,200.0,400.0,0,0,0,0,0,0,1,0,1,0,-174.89238102191936,-174.0448847027892
regular,4.0,1.0,256,75,2026093578,0.0,1.0,0.0,completed,none,6.44448901385128,bounded_search_completed,bounded_search_completed,200.0,400.0,0,0,0,0,0,0,1,0,1,0,-3.0176144300877468,-2.3391625323424705
regular,4.0,1.0,256,76,2026093579,0.0,1.0,0.0,completed,none,4.251401215123909,bounded_search_completed,bounded_search_completed,200.0,400.0,0,0,0,0,0,0,1,0,1,0,-4.536036728350695,-3.6944988853909138
regular,4.0,1.0,256,77,2026093580,0.0,1.0,0.0,completed,none,10.859704792650954,bounded_search_completed,bounded_search_completed,200.0,400.0,0,0,0,0,0,0,1,1,1,0,-11.498759417074126,-10.770837803180825
regular,4.0,1.0,256,78,2026093581,0.0,1.0,0.0,completed,none,25.04775271083591,bounded_search_completed,bounded_search_completed,200.0,400.0,0,0,0,0,0,0,0,1,1,0,-4.995984185405121,-4.05693834683143
regular,4.0,1.0,256,79,2026093582,0.0,1.0,0.0,completed,none,9.997432967458428,bounded_search_completed,bounded_search_completed,200.0,400.0,0,0,0,0,0,0,1,1,1,0,-0.7676972912969688,0.27976926871977525
regular,4.0,1.0,256,80,2026093583,0.0,1.0,0.0,completed,none,10.328010452572183,bounded_search_completed,bounded_search_completed,200.0,400.0,0,0,0,0,0,0,1,1,1,0,-3.1928527901413304,-2.4315397083180414
regular,4.0,1.0,256,81,2026093584,0.0,1.0,0.0,completed,none,2.7084236830883075,bounded_search_completed,bounded_search_completed,200.0,400.0,0,0,0,0,0,0,1,0,1,0,-10.316569236183994,-9.37870627733568
regular,4.0,1.0,256,82,2026093585,0.0,1.0,0.0,completed,none,8.306379615186012,bounded_search_completed,bounded_search_completed,200.0,400.0,0,0,0,0,0,0,1,1,1,0,-3.3813223640397325,-2.1281542049977418
regular,4.0,1.0,256,83,2026093586,0.0,1.0,0.0,completed,none,4.2992178606182785,bounded_search_completed,bounded_search_completed,200.0,400.0,0,0,0,0,0,0,1,0,1,0,-15.727159478827218,-14.706213812945322
regular,4.0,1.0,256,84,2026093587,0.0,1.0,0.0,completed,none,7.144158594212323,bounded_search_completed,bounded_search_completed,200.0,400.0,0,0,0,0,0,0,1,0,1,0,-4.26245505052367,-3.4624119771950177
regular,4.0,1.0,256,85,2026093588,0.0,1.0,0.0,completed,none,4.6308309391467715,bounded_search_completed,bounded_search_completed,200.0,400.0,0,0,0,0,0,0,1,0,1,0,-14.34409856765049,-13.973531295020962
regular,4.0,1.0,256,86,2026093589,0.0,1.0,0.0,completed,none,3.7207677183152903,bounded_search_completed,bounded_search_completed,200.0,400.0,0,0,0,0,0,0,1,0,1,0,-1.6401596485989387,-0.7631138904986585
regular,4.0,1.0,256,87,2026093590,0.0,1.0,0.0,completed,none,3.507489212605842,bounded_search_completed,bounded_search_completed,200.0,400.0,0,0,0,0,0,0,1,0,1,0,-5.387031023389113,-4.137424094200924
regular,4.0,1.0,256,88,2026093591,0.0,1.0,0.0,completed,none,9.3735648004676,bounded_search_completed,bounded_search_completed,200.0,400.0,0,0,0,0,0,0,1,1,1,0,-0.3880882086594113,0.5353529296364457
regular,4.0,1.0,256,89,2026093592,0.0,1.0,0.0,completed,none,6.920952843839535,bounded_search_completed,bounded_search_completed,200.0,400.0,0,0,0,0,0,0,1,0,1,0,-16.90390364027553,-15.877271347710604
regular,4.0,1.0,256,90,2026093593,0.0,1.0,0.0,completed,none,5.084481006936842,bounded_search_completed,bounded_search_completed,200.0,400.0,0,0,0,0,0,0,1,0,1,0,-9.889885886447075,-8.680411283545766
regular,4.0,1.0,256,91,2026093594,0.0,1.0,0.0,completed,none,5.054130762620188,bounded_search_completed,bounded_search_completed,200.0,400.0,0,0,0,0,0,0,1,0,1,0,-10.9626987169313,-10.602571292493167
regular,4.0,1.0,256,92,2026093595,0.0,1.0,0.0,completed,none,16.705419519627274,bounded_search_completed,bounded_search_completed,200.0,400.0,0,0,0,0,0,0,0,1,1,0,-11.746511070389857,-10.89896697660987
regular,4.0,1.0,256,93,2026093596,0.0,1.0,0.0,completed,none,3.6890456000732077,bounded_search_completed,bounded_search_completed,200.0,400.0,0,0,0,0,0,0,1,0,1,0,-102.71755020917698,-102.34965912395165
regular,4.0,1.0,256,94,2026093597,0.0,1.0,0.0,completed,none,6.431862868616645,bounded_search_completed,bounded_search_completed,200.0,400.0,0,0,0,0,0,0,1,0,1,0,-1.0784740609489063,-0.14404340478563427
regular,4.0,1.0,256,95,2026093598,0.0,1.0,0.0,completed,none,7.684552615666535,bounded_search_completed,bounded_search_completed,200.0,400.0,0,0,0,0,0,0,1,0,1,0,-1.107811513312214,-0.4179908449562788
regular,4.0,1.0,256,96,2026093599,0.0,1.0,0.0,completed,none,1.3531130401536404,bounded_search_completed,bounded_search_completed,200.0,400.0,0,0,0,0,0,0,1,0,1,0,-8.148949797828834,-7.451019267860744
regular,4.0,1.0,256,97,2026093600,0.0,1.0,0.0,completed,none,10.026315846183506,bounded_search_completed,bounded_search_completed,200.0,400.0,0,0,0,0,0,0,1,1,1,0,-0.18218754809987558,0.5699144087386969
regular,4.0,1.0,256,98,2026093601,0.0,1.0,0.0,completed,none,13.741123122451851,bounded_search_completed,bounded_search_completed,200.0,400.0,0,0,0,0,0,0,1,1,1,0,-1.830936302995923,-0.9627852826521064
regular,4.0,1.0,256,99,2026093602,0.0,1.0,0.0,completed,none,4.267386306694971,bounded_search_completed,bounded_search_completed,200.0,400.0,0,0,0,0,0,0,1,0,1,0,-10.389103949185113,-9.324665866297693
regular,4.0,1.0,256,100,2026093603,0.0,1.0,0.0,completed,none,3.761660227025935,bounded_search_completed,bounded_search_completed,200.0,400.0,0,0,0,0,0,0,1,0,1,0,-19.14932150754146,-18.369881479404768
alternating,0.0,1.0,64,1,2026093604,0.0,1.0,0.0,completed,none,2.073471883610583,bounded_search_completed,bounded_search_completed,200.0,400.0,0,0,0,0,0,0,1,0,1,0,-27.905756905112174,-27.905756905112174
alternating,0.0,1.0,64,2,2026093605,0.0,1.0,0.0,completed,none,4.57705278147415,bounded_search_completed,bounded_search_completed,200.0,400.0,0,0,0,0,0,0,0,1,1,0,0.7384740924354887,0.7384740924354887
alternating,0.0,1.0,64,3,2026093606,0.0,1.0,0.0,completed,none,8.420768327425806,bounded_search_completed,bounded_search_completed,200.0,400.0,0,0,0,0,0,0,0,1,1,0,-0.37116234413896265,-0.37116234413896265
alternating,0.0,1.0,64,4,2026093607,0.0,1.0,0.0,completed,none,3.9088785863820967,bounded_search_completed,bounded_search_completed,200.0,400.0,0,0,0,0,0,0,1,0,1,0,-4.4369108652771665,-4.4369108652771665
alternating,0.0,1.0,64,5,2026093608,0.0,1.0,0.0,completed,none,13.878251024444408,bounded_search_completed,bounded_search_completed,200.0,400.0,0,0,0,0,0,0,0,1,1,0,-19.63811420251273,-19.63811420251273
alternating,0.0,1.0,64,6,2026093609,0.0,1.0,0.0,completed,none,13.274552911409852,bounded_search_completed,bounded_search_completed,200.0,400.0,0,0,0,0,0,0,0,1,1,0,0.0045903206473525415,0.0045903206473525415
alternating,0.0,1.0,64,7,2026093610,0.0,1.0,0.0,completed,none,18.233450210479287,bounded_search_completed,bounded_search_completed,200.0,400.0,0,0,0,0,0,0,0,1,1,0,0.31311655216889633,0.31311655216889633
alternating,0.0,1.0,64,8,2026093611,0.0,1.0,0.0,completed,none,2.4640401255023012,bounded_search_completed,bounded_search_completed,200.0,400.0,0,0,0,0,0,0,1,0,1,0,-3.006581111222232,-3.006581111222232
alternating,0.0,1.0,64,9,2026093612,0.0,1.0,0.0,completed,none,5.2667690142638435,bounded_search_completed,bounded_search_completed,200.0,400.0,0,0,0,0,0,0,1,0,1,0,-4.459761248996621,-4.459761248996621
alternating,0.0,1.0,64,10,2026093613,0.0,1.0,0.0,completed,none,5.461164931840501,bounded_search_completed,bounded_search_completed,200.0,400.0,0,0,0,0,0,0,1,0,1,0,0.4973437019160123,0.4973437019160123
alternating,0.0,1.0,64,11,2026093614,0.0,1.0,0.0,completed,none,4.269245818494658,bounded_search_completed,bounded_search_completed,200.0,400.0,0,0,0,0,0,0,1,0,1,0,-4.181653914343382,-4.181653914343382
alternating,0.0,1.0,64,12,2026093615,0.0,1.0,0.0,completed,none,0.6214883046382814,bounded_search_completed,bounded_search_completed,200.0,400.0,0,0,0,0,0,0,1,0,1,0,-4.367537313543686,-4.367537313543686
alternating,0.0,1.0,64,13,2026093616,0.0,1.0,0.0,completed,none,5.921739553961086,bounded_search_completed,bounded_search_completed,200.0,400.0,0,0,0,0,0,0,0,1,1,0,-3.4089289472446147,-3.4089289472446147
alternating,0.0,1.0,64,14,2026093617,0.0,1.0,0.0,completed,none,4.107755103341584,bounded_search_completed,bounded_search_completed,200.0,400.0,0,0,0,0,0,0,1,0,1,0,-0.873527929366908,-0.873527929366908
alternating,0.0,1.0,64,15,2026093618,0.0,1.0,0.0,completed,none,4.119555939213499,bounded_search_completed,bounded_search_completed,200.0,400.0,0,0,0,0,0,0,1,0,1,0,0.38191580575539774,0.38191580575539774
alternating,0.0,1.0,64,16,2026093619,0.0,1.0,0.0,completed,none,29.851455736847623,bounded_search_completed,bounded_search_completed,200.0,400.0,0,0,0,0,0,0,0,1,1,0,-29.0971360661852,-29.0971360661852
alternating,0.0,1.0,64,17,2026093620,0.0,1.0,0.0,completed,none,5.034458735236965,bounded_search_completed,bounded_search_completed,200.0,400.0,0,0,0,0,0,0,1,0,1,0,-3.835275505356094,-3.835275505356094
alternating,0.0,1.0,64,18,2026093621,0.0,1.0,0.0,completed,none,1.6862035794936594,bounded_search_completed,bounded_search_completed,200.0,400.0,0,0,0,0,0,0,1,0,1,0,-16.28233701182795,-16.28233701182795
alternating,0.0,1.0,64,19,2026093622,0.0,1.0,0.0,completed,none,0.3382286009132074,bounded_search_completed,bounded_search_completed,200.0,400.0,0,0,0,0,0,0,1,0,1,0,-0.9063010099148912,-0.9063010099148912
alternating,0.0,1.0,64,20,2026093623,0.0,1.0,0.0,completed,none,0.0,bounded_search_completed,bounded_search_completed,200.0,400.0,0,0,0,0,0,0,1,0,1,0,-36.451941545065836,-36.451941545065836
alternating,0.0,1.0,64,21,2026093624,0.0,1.0,0.0,completed,none,0.5444690454648368,bounded_search_completed,bounded_search_completed,200.0,400.0,0,0,0,0,0,0,1,0,1,0,-0.4561286592980629,-0.4561286592980629
alternating,0.0,1.0,64,22,2026093625,0.0,1.0,0.0,completed,none,6.530833330714659,bounded_search_completed,bounded_search_completed,200.0,400.0,0,0,0,0,0,0,1,0,1,0,0.2656966491899695,0.2656966491899695
alternating,0.0,1.0,64,23,2026093626,0.0,1.0,0.0,completed,none,4.598481275086986,bounded_search_completed,bounded_search_completed,200.0,400.0,0,0,0,0,0,0,1,0,1,0,-5.1550229176245,-5.1550229176245
alternating,0.0,1.0,64,24,2026093627,0.0,1.0,0.0,completed,none,2.0956769868572613,bounded_search_completed,bounded_search_completed,200.0,400.0,0,0,0,0,0,0,1,0,1,0,-2.184753773633936,-2.184753773633936
alternating,0.0,1.0,64,25,2026093628,0.0,1.0,0.0,completed,none,17.983434419676346,bounded_search_completed,bounded_search_completed,200.0,400.0,0,0,0,0,0,0,0,1,1,0,-16.59147551845274,-16.59147551845274
alternating,0.0,1.0,64,26,2026093629,0.0,1.0,0.0,completed,none,12.257761521889906,bounded_search_completed,bounded_search_completed,200.0,400.0,0,0,0,0,0,0,0,1,1,0,-1.4008332006120767,-1.4008332006120767
alternating,0.0,1.0,64,27,2026093630,0.0,1.0,0.0,completed,none,1.0814751290977829,bounded_search_completed,bounded_search_completed,200.0,400.0,0,0,0,0,0,0,1,0,1,0,-1.7015697764612838,-1.7015697764612838
alternating,0.0,1.0,64,28,2026093631,0.0,1.0,0.0,completed,none,5.257204585479561,bounded_search_completed,bounded_search_completed,200.0,400.0,0,0,0,0,0,0,0,1,1,0,-20.276683121904377,-20.276683121904377
alternating,0.0,1.0,64,29,2026093632,0.0,1.0,0.0,completed,none,0.40630956194005596,bounded_search_completed,bounded_search_completed,200.0,400.0,0,0,0,0,0,0,1,0,1,0,-66.95018787044751,-66.95018787044751
alternating,0.0,1.0,64,30,2026093633,0.0,1.0,0.0,completed,none,3.7400994755172,bounded_search_completed,bounded_search_completed,200.0,400.0,0,0,0,0,0,0,1,0,1,0,-32.45852108636852,-32.45852108636852
alternating,0.0,1.0,64,31,2026093634,0.0,1.0,0.0,completed,none,0.8768822991981082,bounded_search_completed,bounded_search_completed,200.0,400.0,0,0,0,0,0,0,1,0,1,0,-47.591821504165594,-47.591821504165594
alternating,0.0,1.0,64,32,2026093635,0.0,1.0,0.0,completed,none,2.760125613517961,bounded_search_completed,bounded_search_completed,200.0,400.0,0,0,0,0,0,0,1,0,1,0,-1.7323355362517248,-1.7323355362517248
alternating,0.0,1.0,64,33,2026093636,0.0,1.0,0.0,completed,none,5.274343945945475,bounded_search_completed,bounded_search_completed,200.0,400.0,0,0,0,0,0,0,0,1,1,0,-0.5944056519604359,-0.5944056519604359
alternating,0.0,1.0,64,34,2026093637,0.0,1.0,0.0,completed,none,4.957351732193069,bounded_search_completed,bounded_search_completed,200.0,400.0,0,0,0,0,0,0,1,0,1,0,0.14268743158558905,0.14268743158558905
alternating,0.0,1.0,64,35,2026093638,0.0,1.0,0.0,completed,none,9.132704799433574,bounded_search_completed,bounded_search_completed,200.0,400.0,0,0,0,0,0,0,0,1,1,0,1.1491036092532845,1.1491036092532845
alternating,0.0,1.0,64,36,2026093639,0.0,1.0,0.0,completed,none,0.0,bounded_search_completed,bounded_search_completed,200.0,400.0,0,0,0,0,0,0,1,0,1,0,-99.28812137325637,-99.28812137325637
alternating,0.0,1.0,64,37,2026093640,0.0,1.0,0.0,completed,none,3.616722789562875,bounded_search_completed,bounded_search_completed,200.0,400.0,0,0,0,0,0,0,1,0,1,0,-64.10048426686735,-64.10048426686735
alternating,0.0,1.0,64,38,2026093641,0.0,1.0,0.0,completed,none,3.0116323943962455,bounded_search_completed,bounded_search_completed,200.0,400.0,0,0,0,0,0,0,1,0,1,0,-3.786503364539591,-3.786503364539591
alternating,0.0,1.0,64,39,2026093642,0.0,1.0,0.0,completed,none,0.5918590669132998,bounded_search_completed,bounded_search_completed,200.0,400.0,0,0,0,0,0,0,1,0,1,0,-325.3305491948344,-325.3305491948344
alternating,0.0,1.0,64,40,2026093643,0.0,1.0,0.0,completed,none,1.7666276465837862,bounded_search_completed,bounded_search_completed,200.0,400.0,0,0,0,0,0,0,1,0,1,0,-2.945462429778363,-2.945462429778363
alternating,0.0,1.0,64,41,2026093644,0.0,1.0,0.0,completed,none,5.904228514080811,bounded_search_completed,bounded_search_completed,200.0,400.0,0,0,0,0,0,0,0,1,1,0,-0.1779601478197641,-0.1779601478197641
alternating,0.0,1.0,64,42,2026093645,0.0,1.0,0.0,completed,none,4.986865773302999,bounded_search_completed,bounded_search_completed,200.0,400.0,0,0,0,0,0,0,0,1,1,0,-0.6920352878475065,-0.6920352878475065
alternating,0.0,1.0,64,43,2026093646,0.0,1.0,0.0,completed,none,1.107573630628766,bounded_search_completed,bounded_search_completed,200.0,400.0,0,0,0,0,0,0,1,0,1,0,-141.37301650087298,-141.37301650087298
alternating,0.0,1.0,64,44,2026093647,0.0,1.0,0.0,completed,none,12.119597819360978,bounded_search_completed,bounded_search_completed,200.0,400.0,0,0,0,0,0,0,0,1,1,0,0.8063514431388974,0.8063514431388974
alternating,0.0,1.0,64,45,2026093648,0.0,1.0,0.0,completed,none,0.2325757678651079,bounded_search_completed,bounded_search_completed,200.0,400.0,0,0,0,0,0,0,1,0,1,0,-223.64589413218135,-223.64589413218135
alternating,0.0,1.0,64,46,2026093649,0.0,1.0,0.0,completed,none,7.814513001455618,bounded_search_completed,bounded_search_completed,200.0,400.0,0,0,0,0,0,0,0,1,1,0,-18.103040985444583,-18.103040985444583
alternating,0.0,1.0,64,47,2026093650,0.0,1.0,0.0,completed,none,0.8423379436148951,bounded_search_completed,bounded_search_completed,200.0,400.0,0,0,0,0,0,0,1,0,1,0,-0.17428035685621168,-0.17428035685621168
alternating,0.0,1.0,64,48,2026093651,0.0,1.0,0.0,completed,none,6.109838342092952,bounded_search_completed,bounded_search_completed,200.0,400.0,0,0,0,0,0,0,1,0,1,0,-2.732170409084258,-2.732170409084258
alternating,0.0,1.0,64,49,2026093652,0.0,1.0,0.0,completed,none,3.3701554070086144,bounded_search_completed,bounded_search_completed,200.0,400.0,0,0,0,0,0,0,1,0,1,0,-0.564943762403388,-0.564943762403388
alternating,0.0,1.0,64,50,2026093653,0.0,1.0,0.0,completed,none,0.8822838717368529,bounded_search_completed,bounded_search_completed,200.0,400.0,0,0,0,0,0,0,1,0,1,0,-2.679870882538708,-2.679870882538708
alternating,0.0,1.0,64,51,2026093654,0.0,1.0,0.0,completed,none,5.272091635063376,bounded_search_completed,bounded_search_completed,200.0,400.0,0,0,0,0,0,0,1,0,1,0,-20.41857732150114,-20.41857732150114
alternating,0.0,1.0,64,52,2026093655,0.0,1.0,0.0,completed,none,6.56700389675101,bounded_search_completed,bounded_search_completed,200.0,400.0,0,0,0,0,0,0,0,1,1,0,-0.9248006086461302,-0.9248006086461302
alternating,0.0,1.0,64,53,2026093656,0.0,1.0,0.0,completed,none,5.261562840559835,bounded_search_completed,bounded_search_completed,200.0,400.0,0,0,0,0,0,0,1,0,1,0,0.09706308375519157,0.09706308375519157
alternating,0.0,1.0,64,54,2026093657,0.0,1.0,0.0,completed,none,3.1945845081371744,bounded_search_completed,bounded_search_completed,200.0,400.0,0,0,0,0,0,0,1,0,1,0,-1.2973956766545598,-1.2973956766545598
alternating,0.0,1.0,64,55,2026093658,0.0,1.0,0.0,completed,none,22.179305971809562,bounded_search_completed,bounded_search_completed,200.0,400.0,0,0,0,0,0,0,0,1,1,0,-1.5330392923403977,-1.5330392923403977
alternating,0.0,1.0,64,56,2026093659,0.0,1.0,0.0,completed,none,9.265567473805268,bounded_search_completed,bounded_search_completed,200.0,400.0,0,0,0,0,0,0,1,0,1,0,-1.6347029666263708,-1.6347029666263708
alternating,0.0,1.0,64,57,2026093660,0.0,1.0,0.0,completed,none,7.676844663394441,bounded_search_completed,bounded_search_completed,200.0,400.0,0,0,0,0,0,0,0,1,1,0,0.011171074009780568,0.011171074009780568
alternating,0.0,1.0,64,58,2026093661,0.0,1.0,0.0,completed,none,6.002036638474988,bounded_search_completed,bounded_search_completed,200.0,400.0,0,0,0,0,0,0,1,0,1,0,-32.92082738793097,-32.92082738793097
alternating,0.0,1.0,64,59,2026093662,0.0,1.0,0.0,completed,none,2.843768751998485,bounded_search_completed,bounded_search_completed,200.0,400.0,0,0,0,0,0,0,1,0,1,0,-73.93418273037176,-73.93418273037176
alternating,0.0,1.0,64,60,2026093663,0.0,1.0,0.0,completed,none,5.854724451197214,bounded_search_completed,bounded_search_completed,200.0,400.0,0,0,0,0,0,0,1,0,1,0,-16.419756388400366,-16.419756388400366
alternating,0.0,1.0,64,61,2026093664,0.0,1.0,0.0,completed,none,17.529438697100044,bounded_search_completed,bounded_search_completed,200.0,400.0,0,0,0,0,0,0,0,1,1,0,-0.013876185380215844,-0.013876185380215844
alternating,0.0,1.0,64,62,2026093665,0.0,1.0,0.0,completed,none,2.3044492174376425,bounded_search_completed,bounded_search_completed,200.0,400.0,0,0,0,0,0,0,1,0,1,0,-3.0959972121343853,-3.0959972121343853
alternating,0.0,1.0,64,63,2026093666,0.0,1.0,0.0,completed,none,1.0962361457542547,bounded_search_completed,bounded_search_completed,200.0,400.0,0,0,0,0,0,0,1,0,1,0,-105.15719269222504,-105.15719269222504
alternating,0.0,1.0,64,64,2026093667,0.0,1.0,0.0,completed,none,0.11698216943272223,bounded_search_completed,bounded_search_completed,200.0,400.0,0,0,0,0,0,0,1,0,1,0,-13.375152280092507,-13.375152280092507
alternating,0.0,1.0,64,65,2026093668,0.0,1.0,0.0,completed,none,2.8357260441043803,bounded_search_completed,bounded_search_completed,200.0,400.0,0,0,0,0,0,0,1,0,1,0,-5.115839421111517,-5.115839421111517
alternating,0.0,1.0,64,66,2026093669,0.0,1.0,0.0,completed,none,3.6941269252779643,bounded_search_completed,bounded_search_completed,200.0,400.0,0,0,0,0,0,0,1,0,1,0,-2.3985381169140716,-2.3985381169140716
alternating,0.0,1.0,64,67,2026093670,0.0,1.0,0.0,completed,none,2.943681897766493,bounded_search_completed,bounded_search_completed,200.0,400.0,0,0,0,0,0,0,1,0,1,0,-4.657875794677441,-4.657875794677441
alternating,0.0,1.0,64,68,2026093671,0.0,1.0,0.0,completed,none,4.052637435668078,bounded_search_completed,bounded_search_completed,200.0,400.0,0,0,0,0,0,0,1,0,1,0,-2.175034479778283,-2.175034479778283
alternating,0.0,1.0,64,69,2026093672,0.0,1.0,0.0,completed,none,3.203419771189529,bounded_search_completed,bounded_search_completed,200.0,400.0,0,0,0,0,0,0,1,0,1,0,-4.987020036465456,-4.987020036465456
alternating,0.0,1.0,64,70,2026093673,0.0,1.0,0.0,completed,none,7.471556385373765,bounded_search_completed,bounded_search_completed,200.0,400.0,0,0,0,0,0,0,0,1,1,0,0.17622224810472176,0.17622224810472176
alternating,0.0,1.0,64,71,2026093674,0.0,1.0,0.0,completed,none,8.915571071637821,bounded_search_completed,bounded_search_completed,200.0,400.0,0,0,0,0,0,0,0,1,1,0,0.5577939028204106,0.5577939028204106
alternating,0.0,1.0,64,72,2026093675,0.0,1.0,0.0,completed,none,4.470236574111047,bounded_search_completed,bounded_search_completed,200.0,400.0,0,0,0,0,0,0,0,1,1,0,-25.382095544505464,-25.382095544505464
alternating,0.0,1.0,64,73,2026093676,0.0,1.0,0.0,completed,none,1.363891048214135,bounded_search_completed,bounded_search_completed,200.0,400.0,0,0,0,0,0,0,1,0,1,0,-1.1145457397795155,-1.1145457397795155
alternating,0.0,1.0,64,74,2026093677,0.0,1.0,0.0,completed,none,2.595114297110827,bounded_search_completed,bounded_search_completed,200.0,400.0,0,0,0,0,0,0,1,0,1,0,-2.471308135243259,-2.471308135243259
alternating,0.0,1.0,64,75,2026093678,0.0,1.0,0.0,completed,none,10.651994381798879,bounded_search_completed,bounded_search_completed,200.0,400.0,0,0,0,0,0,0,0,1,1,0,-4.22255651797834,-4.22255651797834
alternating,0.0,1.0,64,76,2026093679,0.0,1.0,0.0,completed,none,1.7456345268607745,bounded_search_completed,bounded_search_completed,200.0,400.0,0,0,0,0,0,0,1,0,1,0,-0.9238881924136138,-0.9238881924136138
alternating,0.0,1.0,64,77,2026093680,0.0,1.0,0.0,completed,none,5.169724168842382,bounded_search_completed,bounded_search_completed,200.0,400.0,0,0,0,0,0,0,1,0,1,0,-16.275986626523018,-16.275986626523018
alternating,0.0,1.0,64,78,2026093681,0.0,1.0,0.0,completed,none,14.297750189920643,bounded_search_completed,bounded_search_completed,200.0,400.0,0,0,0,0,0,0,0,1,1,0,-10.108037396573767,-10.108037396573767
alternating,0.0,1.0,64,79,2026093682,0.0,1.0,0.0,completed,none,2.1096414539209754,bounded_search_completed,bounded_search_completed,200.0,400.0,0,0,0,0,0,0,1,0,1,0,-10.33242049965786,-10.33242049965786
alternating,0.0,1.0,64,80,2026093683,0.0,1.0,0.0,completed,none,3.497444085317676,bounded_search_completed,bounded_search_completed,200.0,400.0,0,0,0,0,0,0,1,0,1,0,-9.102867941337195,-9.102867941337195
alternating,0.0,1.0,64,81,2026093684,0.0,1.0,0.0,completed,none,4.339744401715289,bounded_search_completed,bounded_search_completed,200.0,400.0,0,0,0,0,0,0,1,0,1,0,-2.635485343600866,-2.635485343600866
alternating,0.0,1.0,64,82,2026093685,0.0,1.0,0.0,completed,none,4.024372761732314,bounded_search_completed,bounded_search_completed,200.0,400.0,0,0,0,0,0,0,1,0,1,0,-5.908393498565349,-5.908393498565349
alternating,0.0,1.0,64,83,2026093686,0.0,1.0,0.0,completed,none,2.692827167704132,bounded_search_completed,bounded_search_completed,200.0,400.0,0,0,0,0,0,0,1,0,1,0,-38.21144192868958,-38.21144192868958
alternating,0.0,1.0,64,84,2026093687,0.0,1.0,0.0,completed,none,0.9408714367817613,bounded_search_completed,bounded_search_completed,200.0,400.0,0,0,0,0,0,0,1,0,1,0,-0.7851484119389838,-0.7851484119389838
alternating,0.0,1.0,64,85,2026093688,0.0,1.0,0.0,completed,none,10.149813577333793,bounded_search_completed,bounded_search_completed,200.0,400.0,0,0,0,0,0,0,0,1,1,0,-0.12611051790738514,-0.12611051790738514
alternating,0.0,1.0,64,86,2026093689,0.0,1.0,0.0,completed,none,5.222718946999526,bounded_search_completed,bounded_search_completed,200.0,400.0,0,0,0,0,0,0,1,0,1,0,-2.1755097501438314,-2.1755097501438314
alternating,0.0,1.0,64,87,2026093690,0.0,1.0,0.0,completed,none,10.741169910560046,bounded_search_completed,bounded_search_completed,200.0,400.0,0,0,0,0,0,0,0,1,1,0,1.3285067821979268,1.3285067821979268
alternating,0.0,1.0,64,88,2026093691,0.0,1.0,0.0,completed,none,0.4196522237271019,bounded_search_completed,bounded_search_completed,200.0,400.0,0,0,0,0,0,0,1,0,1,0,-9.58798100052126,-9.58798100052126
alternating,0.0,1.0,64,89,2026093692,0.0,1.0,0.0,completed,none,5.763111200731424,bounded_search_completed,bounded_search_completed,200.0,400.0,0,0,0,0,0,0,1,0,1,0,-2.4397146606376303,-2.4397146606376303
alternating,0.0,1.0,64,90,2026093693,0.0,1.0,0.0,completed,none,6.326242600717641,bounded_search_completed,bounded_search_completed,200.0,400.0,0,0,0,0,0,0,1,0,1,0,-2.8738605701789233,-2.8738605701789233
alternating,0.0,1.0,64,91,2026093694,0.0,1.0,0.0,completed,none,3.5568613023219013,bounded_search_completed,bounded_search_completed,200.0,400.0,0,0,0,0,0,0,1,0,1,0,-3.064876613397523,-3.064876613397523
alternating,0.0,1.0,64,92,2026093695,0.0,1.0,0.0,completed,none,10.455861005874585,bounded_search_completed,bounded_search_completed,200.0,400.0,0,0,0,0,0,0,0,1,1,0,1.2939286380462924,1.2939286380462924
alternating,0.0,1.0,64,93,2026093696,0.0,1.0,0.0,completed,none,2.684432312390321,bounded_search_completed,bounded_search_completed,200.0,400.0,0,0,0,0,0,0,1,0,1,0,-26.941606862728218,-26.941606862728218
alternating,0.0,1.0,64,94,2026093697,0.0,1.0,0.0,completed,none,2.04711949057675,bounded_search_completed,bounded_search_completed,200.0,400.0,0,0,0,0,0,0,1,0,1,0,-0.8362999961267796,-0.8362999961267796
alternating,0.0,1.0,64,95,2026093698,0.0,1.0,0.0,completed,none,3.748716578091578,bounded_search_completed,bounded_search_completed,200.0,400.0,0,0,0,0,0,0,1,0,1,0,-1.2293438756620887,-1.2293438756620887
alternating,0.0,1.0,64,96,2026093699,0.0,1.0,0.0,completed,none,4.119515077825483,bounded_search_completed,bounded_search_completed,200.0,400.0,0,0,0,0,0,0,1,0,1,0,0.044274340681926816,0.044274340681926816
alternating,0.0,1.0,64,97,2026093700,0.0,1.0,0.0,completed,none,3.85992879285228,bounded_search_completed,bounded_search_completed,200.0,400.0,0,0,0,0,0,0,1,0,1,0,-5.6861972090788235,-5.6861972090788235
alternating,0.0,1.0,64,98,2026093701,0.0,1.0,0.0,completed,none,14.504040298723897,bounded_search_completed,bounded_search_completed,200.0,400.0,0,0,0,0,0,0,0,1,1,0,1.815042782445616,1.815042782445616
alternating,0.0,1.0,64,99,2026093702,0.0,1.0,0.0,completed,none,9.065660531971346,bounded_search_completed,bounded_search_completed,200.0,400.0,0,0,0,0,0,0,0,1,1,0,-0.6909792174351566,-0.6909792174351566
alternating,0.0,1.0,64,100,2026093703,0.0,1.0,0.0,completed,none,1.9338543875649612,bounded_search_completed,bounded_search_completed,200.0,400.0,0,0,0,0,0,0,1,0,1,0,-24.08021022232562,-24.08021022232562
alternating,0.0,1.0,256,1,2026093704,0.0,1.0,0.0,completed,none,3.677206290381657,bounded_search_completed,bounded_search_completed,200.0,400.0,0,0,0,0,0,0,1,0,1,0,-2.5737137784010997,-2.5737137784010997
alternating,0.0,1.0,256,2,2026093705,0.0,1.0,0.0,completed,none,3.6002547837970256,bounded_search_completed,bounded_search_completed,200.0,400.0,0,0,0,0,0,0,1,0,1,0,-30.79112110919118,-30.79112110919118
alternating,0.0,1.0,256,3,2026093706,0.0,1.0,0.0,completed,none,6.371707787479264,bounded_search_completed,bounded_search_completed,200.0,400.0,0,0,0,0,0,0,0,1,1,0,-0.9105315533904275,-0.9105315533904275
alternating,0.0,1.0,256,4,2026093707,0.0,1.0,0.0,completed,none,19.882805220031813,bounded_search_completed,bounded_search_completed,200.0,400.0,0,0,0,0,0,0,0,1,1,0,-2.498971569125871,-2.498971569125871
alternating,0.0,1.0,256,5,2026093708,0.0,1.0,0.0,completed,none,11.73090425479624,bounded_search_completed,bounded_search_completed,200.0,400.0,0,0,0,0,0,0,0,1,1,0,1.1219634991094836,1.1219634991094836
alternating,0.0,1.0,256,6,2026093709,0.0,1.0,0.0,completed,none,3.2085425389275564,bounded_search_completed,bounded_search_completed,200.0,400.0,0,0,0,0,0,0,1,0,1,0,-2.936300350240259,-2.936300350240259
alternating,0.0,1.0,256,7,2026093710,0.0,1.0,0.0,completed,none,4.061370411379871,bounded_search_completed,bounded_search_completed,200.0,400.0,0,0,0,0,0,0,1,0,1,0,-0.052122467880963086,-0.052122467880963086
alternating,0.0,1.0,256,8,2026093711,0.0,1.0,0.0,completed,none,7.491810043355339,bounded_search_completed,bounded_search_completed,200.0,400.0,0,0,0,0,0,0,0,1,1,0,0.8895341035075717,0.8895341035075717
alternating,0.0,1.0,256,9,2026093712,0.0,1.0,0.0,completed,none,16.83460511718898,bounded_search_completed,bounded_search_completed,200.0,400.0,0,0,0,0,0,0,0,1,1,0,-4.7644081635240525,-4.7644081635240525
alternating,0.0,1.0,256,10,2026093713,0.0,1.0,0.0,completed,none,11.27703084568395,bounded_search_completed,bounded_search_completed,200.0,400.0,0,0,0,0,0,0,0,1,1,0,1.8432615392417233,1.8432615392417233
alternating,0.0,1.0,256,11,2026093714,0.0,1.0,0.0,completed,none,5.808225838645796,bounded_search_completed,bounded_search_completed,200.0,400.0,0,0,0,0,0,0,1,0,1,0,-0.02541197413103191,-0.02541197413103191
alternating,0.0,1.0,256,12,2026093715,0.0,1.0,0.0,completed,none,0.7695452119510977,bounded_search_completed,bounded_search_completed,200.0,400.0,0,0,0,0,0,0,1,0,1,0,-26.953198964668957,-26.953198964668957
alternating,0.0,1.0,256,13,2026093716,0.0,1.0,0.0,completed,none,0.6842631439100357,bounded_search_completed,bounded_search_completed,200.0,400.0,0,0,0,0,0,0,1,0,1,0,-69.73285210840184,-69.73285210840184
alternating,0.0,1.0,256,14,2026093717,0.0,1.0,0.0,completed,none,6.101239387105196,bounded_search_completed,bounded_search_completed,200.0,400.0,0,0,0,0,0,0,1,0,1,0,-17.78554152597721,-17.78554152597721
alternating,0.0,1.0,256,15,2026093718,0.0,1.0,0.0,completed,none,4.675760576349939,bounded_search_completed,bounded_search_completed,200.0,400.0,0,0,0,0,0,0,1,0,1,0,-3.570783612318735,-3.570783612318735
alternating,0.0,1.0,256,16,2026093719,0.0,1.0,0.0,completed,none,0.0,bounded_search_completed,bounded_search_completed,200.0,400.0,0,0,0,0,0,0,1,0,1,0,-24.348778287686173,-24.348778287686173
alternating,0.0,1.0,256,17,2026093720,0.0,1.0,0.0,completed,none,0.0,bounded_search_completed,bounded_search_completed,200.0,400.0,0,0,0,0,0,0,1,0,1,0,-102.75017261738991,-102.75017261738991
alternating,0.0,1.0,256,18,2026093721,0.0,1.0,0.0,completed,none,2.0532617022422426,bounded_search_completed,bounded_search_completed,200.0,400.0,0,0,0,0,0,0,1,0,1,0,-3.2865880764405517,-3.2865880764405517
alternating,0.0,1.0,256,19,2026093722,0.0,1.0,0.0,completed,none,5.879039563711798,bounded_search_completed,bounded_search_completed,200.0,400.0,0,0,0,0,0,0,0,1,1,0,-9.417478369659335,-9.417478369659335
alternating,0.0,1.0,256,20,2026093723,0.0,1.0,0.0,completed,none,11.14520842671624,bounded_search_completed,bounded_search_completed,200.0,400.0,0,0,0,0,0,0,0,1,1,0,-1.257922479166183,-1.257922479166183
alternating,0.0,1.0,256,21,2026093724,0.0,1.0,0.0,completed,none,7.611381794302333,bounded_search_completed,bounded_search_completed,200.0,400.0,0,0,0,0,0,0,0,1,1,0,0.7229090967726108,0.7229090967726108
alternating,0.0,1.0,256,22,2026093725,0.0,1.0,0.0,completed,none,0.5553211969085072,bounded_search_completed,bounded_search_completed,200.0,400.0,0,0,0,0,0,0,1,0,1,0,-1.720648710205893,-1.720648710205893
alternating,0.0,1.0,256,23,2026093726,0.0,1.0,0.0,completed,none,1.795927700963094,bounded_search_completed,bounded_search_completed,200.0,400.0,0,0,0,0,0,0,1,0,1,0,-0.678301042734347,-0.678301042734347
alternating,0.0,1.0,256,24,2026093727,0.0,1.0,0.0,completed,none,2.851599264415543,bounded_search_completed,bounded_search_completed,200.0,400.0,0,0,0,0,0,0,1,0,1,0,-6.486663008935352,-6.486663008935352
alternating,0.0,1.0,256,25,2026093728,0.0,1.0,0.0,completed,none,3.1788560030491166,bounded_search_completed,bounded_search_completed,200.0,400.0,0,0,0,0,0,0,1,0,1,0,-10.00038453402476,-10.00038453402476
alternating,0.0,1.0,256,26,2026093729,0.0,1.0,0.0,completed,none,6.913709868836681,bounded_search_completed,bounded_search_completed,200.0,400.0,0,0,0,0,0,0,1,0,1,0,-1.026449634052085,-1.026449634052085
alternating,0.0,1.0,256,27,2026093730,0.0,1.0,0.0,completed,none,0.1294048613031997,bounded_search_completed,bounded_search_completed,200.0,400.0,0,0,0,0,0,0,1,0,1,0,-83.26628521198897,-83.26628521198897
alternating,0.0,1.0,256,28,2026093731,0.0,1.0,0.0,completed,none,2.1030216595317457,bounded_search_completed,bounded_search_completed,200.0,400.0,0,0,0,0,0,0,1,0,1,0,-6.544293922589532,-6.544293922589532
alternating,0.0,1.0,256,29,2026093732,0.0,1.0,0.0,completed,none,9.659567934882412,bounded_search_completed,bounded_search_completed,200.0,400.0,0,0,0,0,0,0,0,1,1,0,-6.965559191254272,-6.965559191254272
alternating,0.0,1.0,256,30,2026093733,0.0,1.0,0.0,completed,none,0.41386106754307334,bounded_search_completed,bounded_search_completed,200.0,400.0,0,0,0,0,0,0,1,0,1,0,-0.8418430695932102,-0.8418430695932102
alternating,0.0,1.0,256,31,2026093734,0.0,1.0,0.0,completed,none,3.793109305150726,bounded_search_completed,bounded_search_completed,200.0,400.0,0,0,0,0,0,0,1,0,1,0,-3.665085038787794,-3.665085038787794
alternating,0.0,1.0,256,32,2026093735,0.0,1.0,0.0,completed,none,12.518278110064372,bounded_search_completed,bounded_search_completed,200.0,400.0,0,0,0,0,0,0,0,1,1,0,-0.4247276052308848,-0.4247276052308848
alternating,0.0,1.0,256,33,2026093736,0.0,1.0,0.0,completed,none,5.679612994265504,bounded_search_completed,bounded_search_completed,200.0,400.0,0,0,0,0,0,0,1,0,1,0,-0.4933013275504834,-0.4933013275504834
alternating,0.0,1.0,256,34,2026093737,0.0,1.0,0.0,completed,none,4.117877343184509,bounded_search_completed,bounded_search_completed,200.0,400.0,0,0,0,0,0,0,1,0,1,0,-3.088878407037299,-3.088878407037299
alternating,0.0,1.0,256,35,2026093738,0.0,1.0,0.0,completed,none,4.389917703665161,bounded_search_completed,bounded_search_completed,200.0,400.0,0,0,0,0,0,0,0,1,1,0,0.19981314335117872,0.19981314335117872
alternating,0.0,1.0,256,36,2026093739,0.0,1.0,0.0,completed,none,0.0,bounded_search_completed,bounded_search_completed,200.0,400.0,0,0,0,0,0,0,1,0,1,0,-161.39523811292023,-161.39523811292023
alternating,0.0,1.0,256,37,2026093740,0.0,1.0,0.0,completed,none,3.290932802034603,bounded_search_completed,bounded_search_completed,200.0,400.0,0,0,0,0,0,0,1,0,1,0,-4.455821857684867,-4.455821857684867
alternating,0.0,1.0,256,38,2026093741,0.0,1.0,0.0,completed,none,3.5256968109254885,bounded_search_completed,bounded_search_completed,200.0,400.0,0,0,0,0,0,0,0,1,1,0,-0.4969099127285972,-0.4969099127285972
alternating,0.0,1.0,256,39,2026093742,0.0,1.0,0.0,completed,none,2.956294736326023,bounded_search_completed,bounded_search_completed,200.0,400.0,0,0,0,0,0,0,1,0,1,0,0.11198662252169811,0.11198662252169811
alternating,0.0,1.0,256,40,2026093743,0.0,1.0,0.0,completed,none,1.9801594938312106,bounded_search_completed,bounded_search_completed,200.0,400.0,0,0,0,0,0,0,1,0,1,0,-6.108235903920644,-6.108235903920644
alternating,0.0,1.0,256,41,2026093744,0.0,1.0,0.0,completed,none,3.7615895975984945,bounded_search_completed,bounded_search_completed,200.0,400.0,0,0,0,0,0,0,1,0,1,0,-13.374787562841988,-13.374787562841988
alternating,0.0,1.0,256,42,2026093745,0.0,1.0,0.0,completed,none,5.439390907167577,bounded_search_completed,bounded_search_completed,200.0,400.0,0,0,0,0,0,0,1,0,1,0,-14.04323141460253,-14.04323141460253
alternating,0.0,1.0,256,43,2026093746,0.0,1.0,0.0,completed,none,16.542687018589113,bounded_search_completed,bounded_search_completed,200.0,400.0,0,0,0,0,0,0,0,1,1,0,-9.174358036714324,-9.174358036714324
alternating,0.0,1.0,256,44,2026093747,0.0,1.0,0.0,completed,none,3.9497081041034616,bounded_search_completed,bounded_search_completed,200.0,400.0,0,0,0,0,0,0,1,0,1,0,-31.718786949689843,-31.718786949689843
alternating,0.0,1.0,256,45,2026093748,0.0,1.0,0.0,completed,none,0.9685720351951312,bounded_search_completed,bounded_search_completed,200.0,400.0,0,0,0,0,0,0,1,0,1,0,-5.327467165180622,-5.327467165180622
alternating,0.0,1.0,256,46,2026093749,0.0,1.0,0.0,completed,none,0.0,bounded_search_completed,bounded_search_completed,200.0,400.0,0,0,0,0,0,0,1,0,1,0,-40.22985511130332,-40.22985511130332
alternating,0.0,1.0,256,47,2026093750,0.0,1.0,0.0,completed,none,6.754807142573047,bounded_search_completed,bounded_search_completed,200.0,400.0,0,0,0,0,0,0,0,1,1,0,0.556624474031139,0.556624474031139
alternating,0.0,1.0,256,48,2026093751,0.0,1.0,0.0,completed,none,6.663539171109693,bounded_search_completed,bounded_search_completed,200.0,400.0,0,0,0,0,0,0,0,1,1,0,-4.7627425153864635,-4.7627425153864635
alternating,0.0,1.0,256,49,2026093752,0.0,1.0,0.0,completed,none,2.910124869446916,bounded_search_completed,bounded_search_completed,200.0,400.0,0,0,0,0,0,0,1,0,1,0,-5.431984930581933,-5.431984930581933
alternating,0.0,1.0,256,50,2026093753,0.0,1.0,0.0,completed,none,4.257288160810089,bounded_search_completed,bounded_search_completed,200.0,400.0,0,0,0,0,0,0,1,0,1,0,-4.575632113923206,-4.575632113923206
alternating,0.0,1.0,256,51,2026093754,0.0,1.0,0.0,completed,none,13.388058512514892,bounded_search_completed,bounded_search_completed,200.0,400.0,0,0,0,0,0,0,0,1,1,0,-2.3479345929515887,-2.3479345929515887
alternating,0.0,1.0,256,52,2026093755,0.0,1.0,0.0,completed,none,5.410773535986131,bounded_search_completed,bounded_search_completed,200.0,400.0,0,0,0,0,0,0,1,0,1,0,-2.4120653903129323,-2.4120653903129323
alternating,0.0,1.0,256,53,2026093756,0.0,1.0,0.0,completed,none,2.4236953568539468,bounded_search_completed,bounded_search_completed,200.0,400.0,0,0,0,0,0,0,1,0,1,0,-7.362430898893535,-7.362430898893535
alternating,0.0,1.0,256,54,2026093757,0.0,1.0,0.0,completed,none,1.3306444351048972,bounded_search_completed,bounded_search_completed,200.0,400.0,0,0,0,0,0,0,1,0,1,0,-8.770102153984993,-8.770102153984993
alternating,0.0,1.0,256,55,2026093758,0.0,1.0,0.0,completed,none,17.155453465456155,bounded_search_completed,bounded_search_completed,200.0,400.0,0,0,0,0,0,0,0,1,1,0,-0.7308343309825602,-0.7308343309825602
alternating,0.0,1.0,256,56,2026093759,0.0,1.0,0.0,completed,none,0.0,bounded_search_completed,bounded_search_completed,200.0,400.0,0,0,0,0,0,0,1,0,1,0,-11.101688043915544,-11.101688043915544
alternating,0.0,1.0,256,57,2026093760,0.0,1.0,0.0,completed,none,6.087108330298469,bounded_search_completed,bounded_search_completed,200.0,400.0,0,0,0,0,0,0,0,1,1,0,-1.1743745301271815,-1.1743745301271815
alternating,0.0,1.0,256,58,2026093761,0.0,1.0,0.0,completed,none,7.057905889106078,bounded_search_completed,bounded_search_completed,200.0,400.0,0,0,0,0,0,0,1,0,1,0,-1.7939447062514375,-1.7939447062514375
alternating,0.0,1.0,256,59,2026093762,0.0,1.0,0.0,completed,none,17.62194227429499,bounded_search_completed,bounded_search_completed,200.0,400.0,0,0,0,0,0,0,0,1,1,0,-1.8822267629892622,-1.8822267629892622
alternating,0.0,1.0,256,60,2026093763,0.0,1.0,0.0,completed,none,1.2165428034010022,bounded_search_completed,bounded_search_completed,200.0,400.0,0,0,0,0,0,0,1,0,1,0,-157.66216825669002,-157.66216825669002
alternating,0.0,1.0,256,61,2026093764,0.0,1.0,0.0,completed,none,7.661148818930441,bounded_search_completed,bounded_search_completed,200.0,400.0,0,0,0,0,0,0,0,1,1,0,-1.9116843282828881,-1.9116843282828881
alternating,0.0,1.0,256,62,2026093765,0.0,1.0,0.0,completed,none,3.6011429657269205,bounded_search_completed,bounded_search_completed,200.0,400.0,0,0,0,0,0,0,1,0,1,0,-17.022811920981354,-17.022811920981354
alternating,0.0,1.0,256,63,2026093766,0.0,1.0,0.0,completed,none,6.628630863950088,bounded_search_completed,bounded_search_completed,200.0,400.0,0,0,0,0,0,0,1,0,1,0,0.38073028322753544,0.38073028322753544
alternating,0.0,1.0,256,64,2026093767,0.0,1.0,0.0,completed,none,2.599942196295658,bounded_search_completed,bounded_search_completed,200.0,400.0,0,0,0,0,0,0,1,0,1,0,-3.777635278658664,-3.777635278658664
alternating,0.0,1.0,256,65,2026093768,0.0,1.0,0.0,completed,none,7.360294355077187,bounded_search_completed,bounded_search_completed,200.0,400.0,0,0,0,0,0,0,0,1,1,0,-0.7059806335734606,-0.7059806335734606
alternating,0.0,1.0,256,66,2026093769,0.0,1.0,0.0,completed,none,4.52292446785343,bounded_search_completed,bounded_search_completed,200.0,400.0,0,0,0,0,0,0,1,0,1,0,-13.621633783329031,-13.621633783329031
alternating,0.0,1.0,256,67,2026093770,0.0,1.0,0.0,completed,none,6.588164982601382,bounded_search_completed,bounded_search_completed,200.0,400.0,0,0,0,0,0,0,1,0,1,0,-0.2005073497471983,-0.2005073497471983
alternating,0.0,1.0,256,68,2026093771,0.0,1.0,0.0,completed,none,6.578502525951454,bounded_search_completed,bounded_search_completed,200.0,400.0,0,0,0,0,0,0,1,0,1,0,-1.9863805491490325,-1.9863805491490325
alternating,0.0,1.0,256,69,2026093772,0.0,1.0,0.0,completed,none,1.4548779907204288,bounded_search_completed,bounded_search_completed,200.0,400.0,0,0,0,0,0,0,1,0,1,0,-14.030404987217906,-14.030404987217906
alternating,0.0,1.0,256,70,2026093773,0.0,1.0,0.0,completed,none,4.572343100689459,bounded_search_completed,bounded_search_completed,200.0,400.0,0,0,0,0,0,0,1,0,1,0,-2.1889511426791444,-2.1889511426791444
alternating,0.0,1.0,256,71,2026093774,0.0,1.0,0.0,completed,none,5.482355043190171,bounded_search_completed,bounded_search_completed,200.0,400.0,0,0,0,0,0,0,1,0,1,0,-4.677972058470516,-4.677972058470516
alternating,0.0,1.0,256,72,2026093775,0.0,1.0,0.0,completed,none,9.425309919875852,bounded_search_completed,bounded_search_completed,200.0,400.0,0,0,0,0,0,0,0,1,1,0,0.15789600500636425,0.15789600500636425
alternating,0.0,1.0,256,73,2026093776,0.0,1.0,0.0,completed,none,3.9355947851215207,bounded_search_completed,bounded_search_completed,200.0,400.0,0,0,0,0,0,0,1,0,1,0,-2.275210235795498,-2.275210235795498
alternating,0.0,1.0,256,74,2026093777,0.0,1.0,0.0,completed,none,8.300096540560208,bounded_search_completed,bounded_search_completed,200.0,400.0,0,0,0,0,0,0,1,0,1,0,-16.253941858553873,-16.253941858553873
alternating,0.0,1.0,256,75,2026093778,0.0,1.0,0.0,completed,none,3.9615034116071204,bounded_search_completed,bounded_search_completed,200.0,400.0,0,0,0,0,0,0,1,0,1,0,-17.626948891181343,-17.626948891181343
alternating,0.0,1.0,256,76,2026093779,0.0,1.0,0.0,completed,none,1.0172423718929156,bounded_search_completed,bounded_search_completed,200.0,400.0,0,0,0,0,0,0,1,0,1,0,-25.245228104904783,-25.245228104904783
alternating,0.0,1.0,256,77,2026093780,0.0,1.0,0.0,completed,none,4.558553753863024,bounded_search_completed,bounded_search_completed,200.0,400.0,0,0,0,0,0,0,1,0,1,0,-3.8518900606427735,-3.8518900606427735
alternating,0.0,1.0,256,78,2026093781,0.0,1.0,0.0,completed,none,3.3290511804731397,bounded_search_completed,bounded_search_completed,200.0,400.0,0,0,0,0,0,0,1,0,1,0,-10.311326375193602,-10.311326375193602
alternating,0.0,1.0,256,79,2026093782,0.0,1.0,0.0,completed,none,3.3495877737183353,bounded_search_completed,bounded_search_completed,200.0,400.0,0,0,0,0,0,0,1,0,1,0,-47.243580330865626,-47.243580330865626
alternating,0.0,1.0,256,80,2026093783,0.0,1.0,0.0,completed,none,1.7785926363439106,bounded_search_completed,bounded_search_completed,200.0,400.0,0,0,0,0,0,0,1,0,1,0,-10.249425247015893,-10.249425247015893
alternating,0.0,1.0,256,81,2026093784,0.0,1.0,0.0,completed,none,10.004323344261575,bounded_search_completed,bounded_search_completed,200.0,400.0,0,0,0,0,0,0,0,1,1,0,-0.9284949834230929,-0.9284949834230929
alternating,0.0,1.0,256,82,2026093785,0.0,1.0,0.0,completed,none,2.2842495365328057,bounded_search_completed,bounded_search_completed,200.0,400.0,0,0,0,0,0,0,1,0,1,0,-0.8942667857589868,-0.8942667857589868
alternating,0.0,1.0,256,83,2026093786,0.0,1.0,0.0,completed,none,7.196517531323031,bounded_search_completed,bounded_search_completed,200.0,400.0,0,0,0,0,0,0,0,1,1,0,-3.4666123494846772,-3.4666123494846772
alternating,0.0,1.0,256,84,2026093787,0.0,1.0,0.0,completed,none,6.563920928268437,bounded_search_completed,bounded_search_completed,200.0,400.0,0,0,0,0,0,0,1,0,1,0,-17.986920347904174,-17.986920347904174
alternating,0.0,1.0,256,85,2026093788,0.0,1.0,0.0,completed,none,6.42461594960291,bounded_search_completed,bounded_search_completed,200.0,400.0,0,0,0,0,0,0,0,1,1,0,-5.345845504823416,-5.345845504823416
alternating,0.0,1.0,256,86,2026093789,0.0,1.0,0.0,completed,none,7.143526254930134,bounded_search_completed,bounded_search_completed,200.0,400.0,0,0,0,0,0,0,0,1,1,0,1.0666293465258718,1.0666293465258718
alternating,0.0,1.0,256,87,2026093790,0.0,1.0,0.0,completed,none,8.477143233071974,bounded_search_completed,bounded_search_completed,200.0,400.0,0,0,0,0,0,0,0,1,1,0,-0.49131066862611306,-0.49131066862611306
alternating,0.0,1.0,256,88,2026093791,0.0,1.0,0.0,completed,none,4.111967911759427,bounded_search_completed,bounded_search_completed,200.0,400.0,0,0,0,0,0,0,1,0,1,0,-47.34122941718624,-47.34122941718624
alternating,0.0,1.0,256,89,2026093792,0.0,1.0,0.0,completed,none,9.745820237440919,bounded_search_completed,bounded_search_completed,200.0,400.0,0,0,0,0,0,0,0,1,1,0,-6.421548113362121,-6.421548113362121
alternating,0.0,1.0,256,90,2026093793,0.0,1.0,0.0,completed,none,1.108849232954686,bounded_search_completed,bounded_search_completed,200.0,400.0,0,0,0,0,0,0,1,0,1,0,-13.869635988226946,-13.869635988226946
alternating,0.0,1.0,256,91,2026093794,0.0,1.0,0.0,completed,none,5.228799942153277,bounded_search_completed,bounded_search_completed,200.0,400.0,0,0,0,0,0,0,1,0,1,0,-0.1139940616682793,-0.1139940616682793
alternating,0.0,1.0,256,92,2026093795,0.0,1.0,0.0,completed,none,8.302530339708015,bounded_search_completed,bounded_search_completed,200.0,400.0,0,0,0,0,0,0,0,1,1,0,0.33791619858351396,0.33791619858351396
alternating,0.0,1.0,256,93,2026093796,0.0,1.0,0.0,completed,none,12.013610690652238,bounded_search_completed,bounded_search_completed,200.0,400.0,0,0,0,0,0,0,0,1,1,0,-12.54924832112377,-12.54924832112377
alternating,0.0,1.0,256,94,2026093797,0.0,1.0,0.0,completed,none,14.234246771742777,bounded_search_completed,bounded_search_completed,200.0,400.0,0,0,0,0,0,0,0,1,1,0,0.5826374199100712,0.5826374199100712
alternating,0.0,1.0,256,95,2026093798,0.0,1.0,0.0,completed,none,1.893928838510387,bounded_search_completed,bounded_search_completed,200.0,400.0,0,0,0,0,0,0,1,0,1,0,-16.366382146237186,-16.366382146237186
alternating,0.0,1.0,256,96,2026093799,0.0,1.0,0.0,completed,none,23.166037747474864,bounded_search_completed,bounded_search_completed,200.0,400.0,0,0,0,0,0,0,0,1,1,0,-1.7833942593422876,-1.7833942593422876
alternating,0.0,1.0,256,97,2026093800,0.0,1.0,0.0,completed,none,5.059054373172271,bounded_search_completed,bounded_search_completed,200.0,400.0,0,0,0,0,0,0,0,1,1,0,-1.8376263202735004,-1.8376263202735004
alternating,0.0,1.0,256,98,2026093801,0.0,1.0,0.0,completed,none,2.880905639342514,bounded_search_completed,bounded_search_completed,200.0,400.0,0,0,0,0,0,0,1,0,1,0,-0.824960325214505,-0.824960325214505
alternating,0.0,1.0,256,99,2026093802,0.0,1.0,0.0,completed,none,4.913159718556085,bounded_search_completed,bounded_search_completed,200.0,400.0,0,0,0,0,0,0,1,0,1,0,-5.072780457244789,-5.072780457244789
alternating,0.0,1.0,256,100,2026093803,0.0,1.0,0.0,completed,none,2.9718641384177884,bounded_search_completed,bounded_search_completed,200.0,400.0,0,0,0,0,0,0,1,0,1,0,-1.3943168283002194,-1.3943168283002194
alternating,0.1,1.0,64,1,2026093804,0.0,1.0,0.0,completed,none,20.139422331198553,bounded_search_completed,bounded_search_completed,200.0,400.0,0,0,0,0,0,0,0,1,1,0,-1.6380025236787716,-1.61304016231675
alternating,0.1,1.0,64,2,2026093805,0.0,1.0,0.0,completed,none,2.7337347000937955,bounded_search_completed,bounded_search_completed,200.0,400.0,0,0,0,0,0,0,1,0,1,0,-0.8627382875281562,-0.8430251384315817
alternating,0.1,1.0,64,3,2026093806,0.0,1.0,0.0,completed,none,18.516492632359554,bounded_search_completed,bounded_search_completed,200.0,400.0,0,0,0,0,0,0,0,1,1,0,-5.358054934470122,-5.342762807581199
alternating,0.1,1.0,64,4,2026093807,0.0,1.0,0.0,completed,none,1.9869582481801114,bounded_search_completed,bounded_search_completed,200.0,400.0,0,0,0,0,0,0,1,0,1,0,-27.796533864889287,-27.76534616993524
alternating,0.1,1.0,64,5,2026093808,0.0,1.0,0.0,completed,none,2.174484959702839,bounded_search_completed,bounded_search_completed,200.0,400.0,0,0,0,0,0,0,1,0,1,0,-18.254362478498642,-18.25248619419188
alternating,0.1,1.0,64,6,2026093809,0.0,1.0,0.0,completed,none,1.5174223732261687,bounded_search_completed,bounded_search_completed,200.0,400.0,0,0,0,0,0,0,1,0,1,0,-2.272871465067432,-2.248917315555232
alternating,0.1,1.0,64,7,2026093810,0.0,1.0,0.0,completed,none,2.301146021261228,bounded_search_completed,bounded_search_completed,200.0,400.0,0,0,0,0,0,0,1,0,1,0,-32.73359832720426,-32.72609234485412
alternating,0.1,1.0,64,8,2026093811,0.0,1.0,0.0,completed,none,11.938375935509482,bounded_search_completed,bounded_search_completed,200.0,400.0,0,0,0,0,0,0,0,1,1,0,-4.948173141177975,-4.926462006734823
alternating,0.1,1.0,64,9,2026093812,0.0,1.0,0.0,completed,none,4.833000797020681,bounded_search_completed,bounded_search_completed,200.0,400.0,0,0,0,0,0,0,1,0,1,0,-45.42711485256953,-45.39837938585731
alternating,0.1,1.0,64,10,2026093813,0.0,1.0,0.0,completed,none,8.945762847291917,bounded_search_completed,bounded_search_completed,200.0,400.0,0,0,0,0,0,0,0,1,1,0,-0.5414768932243561,-0.5159122127818776
alternating,0.1,1.0,64,11,2026093814,0.0,1.0,0.0,completed,none,8.641654137346473,bounded_search_completed,bounded_search_completed,200.0,400.0,0,0,0,0,0,0,1,0,1,0,-1.2769589334374558,-1.2574404467057363
alternating,0.1,1.0,64,12,2026093815,0.0,1.0,0.0,completed,none,0.39755694170735983,bounded_search_completed,bounded_search_completed,200.0,400.0,0,0,0,0,0,0,1,0,1,0,-52.733797714177705,-52.696058050436015
alternating,0.1,1.0,64,13,2026093816,0.0,1.0,0.0,completed,none,6.673688605484435,bounded_search_completed,bounded_search_completed,200.0,400.0,0,0,0,0,0,0,0,1,1,0,-0.1808444322844487,-0.159699487110597
alternating,0.1,1.0,64,14,2026093817,0.0,1.0,0.0,completed,none,7.36266962514608,bounded_search_completed,bounded_search_completed,200.0,400.0,0,0,0,0,0,0,1,0,1,0,-1.4172956556492267,-1.4017447547351907
alternating,0.1,1.0,64,15,2026093818,0.0,1.0,0.0,completed,none,0.0,bounded_search_completed,bounded_search_completed,200.0,400.0,0,0,0,0,0,0,1,0,1,0,-8.685609771556251,-8.687472451393162
alternating,0.1,1.0,64,16,2026093819,0.0,1.0,0.0,completed,none,5.828476226585043,bounded_search_completed,bounded_search_completed,200.0,400.0,0,0,0,0,0,0,1,0,1,0,-0.5590601190473166,-0.5328980496295159
alternating,0.1,1.0,64,17,2026093820,0.0,1.0,0.0,completed,none,12.743287973746893,bounded_search_completed,bounded_search_completed,200.0,400.0,0,0,0,0,0,0,0,1,1,0,-7.531017863008614,-7.5035050584096865
alternating,0.1,1.0,64,18,2026093821,0.0,1.0,0.0,completed,none,8.527664692504821,bounded_search_completed,bounded_search_completed,200.0,400.0,0,0,0,0,0,0,0,1,1,0,-15.13320790725296,-15.101115740197216
alternating,0.1,1.0,64,19,2026093822,0.0,1.0,0.0,completed,none,8.456099214863231,bounded_search_completed,bounded_search_completed,200.0,400.0,0,0,0,0,0,0,0,1,1,0,-15.869148416496728,-15.835409662764569
alternating,0.1,1.0,64,20,2026093823,0.0,1.0,0.0,completed,none,8.811969912179084,bounded_search_completed,bounded_search_completed,200.0,400.0,0,0,0,0,0,0,0,1,1,0,0.9786963016195074,1.0033044102941275
alternating,0.1,1.0,64,21,2026093824,0.0,1.0,0.0,completed,none,0.5041485156796404,bounded_search_completed,bounded_search_completed,200.0,400.0,0,0,0,0,0,0,1,0,1,0,-26.302761466552532,-26.282412020438663
alternating,0.1,1.0,64,22,2026093825,0.0,1.0,0.0,completed,none,2.750107033264932,bounded_search_completed,bounded_search_completed,200.0,400.0,0,0,0,0,0,0,1,0,1,0,-34.893109848231575,-34.851958022762304
alternating,0.1,1.0,64,23,2026093826,0.0,1.0,0.0,completed,none,2.794382466636802,bounded_search_completed,bounded_search_completed,200.0,400.0,0,0,0,0,0,0,1,0,1,0,-5.813860489786208,-5.8019210016235405
alternating,0.1,1.0,64,24,2026093827,0.0,1.0,0.0,completed,none,2.5966114279515424,bounded_search_completed,bounded_search_completed,200.0,400.0,0,0,0,0,0,0,1,0,1,0,-15.526351633177352,-15.485366173955004
alternating,0.1,1.0,64,25,2026093828,0.0,1.0,0.0,completed,none,4.056691573578718,bounded_search_completed,bounded_search_completed,200.0,400.0,0,0,0,0,0,0,1,0,1,0,-22.271280586693543,-22.25210225500951
alternating,0.1,1.0,64,26,2026093829,0.0,1.0,0.0,completed,none,6.370654414894022,bounded_search_completed,bounded_search_completed,200.0,400.0,0,0,0,0,0,0,0,1,1,0,-0.6678745326432818,-0.6394320531410926
alternating,0.1,1.0,64,27,2026093830,0.0,1.0,0.0,completed,none,0.30402439898751427,bounded_search_completed,bounded_search_completed,200.0,400.0,0,0,0,0,0,0,1,0,1,0,-40.15499157959432,-40.17067058219748
alternating,0.1,1.0,64,28,2026093831,0.0,1.0,0.0,completed,none,4.016513487325042,bounded_search_completed,bounded_search_completed,200.0,400.0,0,0,0,0,0,0,1,0,1,0,0.4378047130062903,0.45904738796440725
alternating,0.1,1.0,64,29,2026093832,0.0,1.0,0.0,completed,none,10.918183503193571,bounded_search_completed,bounded_search_completed,200.0,400.0,0,0,0,0,0,0,0,1,1,0,0.07645475289024972,0.09820924933804065
alternating,0.1,1.0,64,30,2026093833,0.0,1.0,0.0,completed,none,3.787055916257662,bounded_search_completed,bounded_search_completed,200.0,400.0,0,0,0,0,0,0,1,0,1,0,-1.3503392467272661,-1.3239236079060959
alternating,0.1,1.0,64,31,2026093834,0.0,1.0,0.0,completed,none,4.436404549694262,bounded_search_completed,bounded_search_completed,200.0,400.0,0,0,0,0,0,0,1,0,1,0,-0.5254570675049557,-0.49867589024751524
alternating,0.1,1.0,64,32,2026093835,0.0,1.0,0.0,completed,none,2.9308134801067114,bounded_search_completed,bounded_search_completed,200.0,400.0,0,0,0,0,0,0,1,0,1,0,-1.596963629681163,-1.5909256805380352
alternating,0.1,1.0,64,33,2026093836,0.0,1.0,0.0,completed,none,7.750568938135612,bounded_search_completed,bounded_search_completed,200.0,400.0,0,0,0,0,0,0,0,1,1,0,-5.845063103797507,-5.822015605697253
alternating,0.1,1.0,64,34,2026093837,0.0,1.0,0.0,completed,none,2.8385462681791607,bounded_search_completed,bounded_search_completed,200.0,400.0,0,0,0,0,0,0,1,0,1,0,-15.31804542151422,-15.294702138529118
alternating,0.1,1.0,64,35,2026093838,0.0,1.0,0.0,completed,none,7.898943315939831,bounded_search_completed,bounded_search_completed,200.0,400.0,0,0,0,0,0,0,1,0,1,0,-1.1498463390754523,-1.133348827559189
alternating,0.1,1.0,64,36,2026093839,0.0,1.0,0.0,completed,none,1.4974753304611645,bounded_search_completed,bounded_search_completed,200.0,400.0,0,0,0,0,0,0,1,0,1,0,-1.5300928166097023,-1.5058409926687801
alternating,0.1,1.0,64,37,2026093840,0.0,1.0,0.0,completed,none,0.0,bounded_search_completed,bounded_search_completed,200.0,400.0,0,0,0,0,0,0,1,0,1,0,-43.21293447293414,-43.1419665955987
alternating,0.1,1.0,64,38,2026093841,0.0,1.0,0.0,completed,none,0.0,bounded_search_completed,bounded_search_completed,200.0,400.0,0,0,0,0,0,0,1,0,1,0,-64.90115014917069,-64.88012064093249
alternating,0.1,1.0,64,39,2026093842,0.0,1.0,0.0,completed,none,1.4580398625727287,bounded_search_completed,bounded_search_completed,200.0,400.0,0,0,0,0,0,0,1,0,1,0,-0.6097168966510651,-0.5894652623704317
alternating,0.1,1.0,64,40,2026093843,0.0,1.0,0.0,completed,none,3.8366419079847964,bounded_search_completed,bounded_search_completed,200.0,400.0,0,0,0,0,0,0,0,1,1,0,-10.6217926268325,-10.611426536220092
alternating,0.1,1.0,64,41,2026093844,0.0,1.0,0.0,completed,none,4.795101888602858,bounded_search_completed,bounded_search_completed,200.0,400.0,0,0,0,0,0,0,1,0,1,0,-4.366235767881207,-4.335746515996874
alternating,0.1,1.0,64,42,2026093845,0.0,1.0,0.0,completed,none,3.3588912821446626,bounded_search_completed,bounded_search_completed,200.0,400.0,0,0,0,0,0,0,1,0,1,0,-3.5490596154813616,-3.5523734335515655
alternating,0.1,1.0,64,43,2026093846,0.0,1.0,0.0,completed,none,2.318332391571041,bounded_search_completed,bounded_search_completed,200.0,400.0,0,0,0,0,0,0,1,0,1,0,-6.0978026373486305,-6.086292884714398
alternating,0.1,1.0,64,44,2026093847,0.0,1.0,0.0,completed,none,2.402227115706464,bounded_search_completed,bounded_search_completed,200.0,400.0,0,0,0,0,0,0,1,0,1,0,-0.5205945319913248,-0.5074636689526137
alternating,0.1,1.0,64,45,2026093848,0.0,1.0,0.0,completed,none,1.5109254870455795,bounded_search_completed,bounded_search_completed,200.0,400.0,0,0,0,0,0,0,1,0,1,0,-178.85973672570415,-178.8078358857002
alternating,0.1,1.0,64,46,2026093849,0.0,1.0,0.0,completed,none,5.130433147224964,bounded_search_completed,bounded_search_completed,200.0,400.0,0,0,0,0,0,0,1,0,1,0,0.42696868426163803,0.4493468280967221
alternating,0.1,1.0,64,47,2026093850,0.0,1.0,0.0,completed,none,16.504431325374114,bounded_search_completed,bounded_search_completed,200.0,400.0,0,0,0,0,0,0,0,1,1,0,0.48954201220831095,0.5142596801484771
alternating,0.1,1.0,64,48,2026093851,0.0,1.0,0.0,completed,none,6.986237117509549,bounded_search_completed,bounded_search_completed,200.0,400.0,0,0,0,0,0,0,0,1,1,0,-10.978103120642515,-10.953805748035435
alternating,0.1,1.0,64,49,2026093852,0.0,1.0,0.0,completed,none,0.0716706756877907,bounded_search_completed,bounded_search_completed,200.0,400.0,0,0,0,0,0,0,1,0,1,0,-23.690493443737004,-23.662159475122614
alternating,0.1,1.0,64,50,2026093853,0.0,1.0,0.0,completed,none,0.37040536461689055,bounded_search_completed,bounded_search_completed,200.0,400.0,0,0,0,0,0,0,1,0,1,0,-17.71943438900412,-17.67134054863763
alternating,0.1,1.0,64,51,2026093854,0.0,1.0,0.0,completed,none,3.3024083233542982,bounded_search_completed,bounded_search_completed,200.0,400.0,0,0,0,0,0,0,1,0,1,0,-2.1797529463318064,-2.172052360646628
alternating,0.1,1.0,64,52,2026093855,0.0,1.0,0.0,completed,none,8.149460226426697,bounded_search_completed,bounded_search_completed,200.0,400.0,0,0,0,0,0,0,0,1,1,0,0.4280982620362366,0.4521448494749052
alternating,0.1,1.0,64,53,2026093856,0.0,1.0,0.0,completed,none,15.974474027359163,bounded_search_completed,bounded_search_completed,200.0,400.0,0,0,0,0,0,0,0,1,1,0,-2.907973452519869,-2.8839743580851334
alternating,0.1,1.0,64,54,2026093857,0.0,1.0,0.0,completed,none,4.5829441520690555,bounded_search_completed,bounded_search_completed,200.0,400.0,0,0,0,0,0,0,1,0,1,0,-7.70963848083391,-7.680647452212952
alternating,0.1,1.0,64,55,2026093858,0.0,1.0,0.0,completed,none,0.3730466087215462,bounded_search_completed,bounded_search_completed,200.0,400.0,0,0,0,0,0,0,1,0,1,0,-48.049557736930005,-48.01552767663977
alternating,0.1,1.0,64,56,2026093859,0.0,1.0,0.0,completed,none,5.914994008670129,bounded_search_completed,bounded_search_completed,200.0,400.0,0,0,0,0,0,0,1,0,1,0,-3.6840647510623086,-3.6607295214818123
alternating,0.1,1.0,64,57,2026093860,0.0,1.0,0.0,completed,none,5.876974188847335,bounded_search_completed,bounded_search_completed,200.0,400.0,0,0,0,0,0,0,1,0,1,0,-2.4087132346385296,-2.408648101297043
alternating,0.1,1.0,64,58,2026093861,0.0,1.0,0.0,completed,none,5.88107676848605,bounded_search_completed,bounded_search_completed,200.0,400.0,0,0,0,0,0,0,1,0,1,0,-1.2216614474868273,-1.2063641936635427
alternating,0.1,1.0,64,59,2026093862,0.0,1.0,0.0,completed,none,0.5831100397596215,bounded_search_completed,bounded_search_completed,200.0,400.0,0,0,0,0,0,0,1,0,1,0,-34.2910051766694,-34.25810961793307
alternating,0.1,1.0,64,60,2026093863,0.0,1.0,0.0,completed,none,1.597286320730027,bounded_search_completed,bounded_search_completed,200.0,400.0,0,0,0,0,0,0,1,0,1,0,-11.980660788511965,-11.930037710903274
alternating,0.1,1.0,64,61,2026093864,0.0,1.0,0.0,completed,none,6.68717160452731,bounded_search_completed,bounded_search_completed,200.0,400.0,0,0,0,0,0,0,1,0,1,0,-6.9430256810901945,-6.921865956294976
alternating,0.1,1.0,64,62,2026093865,0.0,1.0,0.0,completed,none,2.555852432995832,bounded_search_completed,bounded_search_completed,200.0,400.0,0,0,0,0,0,0,1,0,1,0,0.044850390580116084,0.06578438000369147
alternating,0.1,1.0,64,63,2026093866,0.0,1.0,0.0,completed,none,8.628506391482254,bounded_search_completed,bounded_search_completed,200.0,400.0,0,0,0,0,0,0,0,1,1,0,-1.0758311464294117,-1.0501302218494395
alternating,0.1,1.0,64,64,2026093867,0.0,1.0,0.0,completed,none,8.912313665931306,bounded_search_completed,bounded_search_completed,200.0,400.0,0,0,0,0,0,0,0,1,1,0,0.37774352657154253,0.3999302174495796
alternating,0.1,1.0,64,65,2026093868,0.0,1.0,0.0,completed,none,8.662643627045046,bounded_search_completed,bounded_search_completed,200.0,400.0,0,0,0,0,0,0,0,1,1,0,-27.469133513656754,-27.448331438706315
alternating,0.1,1.0,64,66,2026093869,0.0,1.0,0.0,completed,none,5.005645024010366,bounded_search_completed,bounded_search_completed,200.0,400.0,0,0,0,0,0,0,1,0,1,0,-29.884332867253526,-29.850941818880443
alternating,0.1,1.0,64,67,2026093870,0.0,1.0,0.0,completed,none,0.0,bounded_search_completed,bounded_search_completed,200.0,400.0,0,0,0,0,0,0,1,0,1,0,-15.115994222395646,-15.124859721292449
alternating,0.1,1.0,64,68,2026093871,0.0,1.0,0.0,completed,none,2.1333465619143377,bounded_search_completed,bounded_search_completed,200.0,400.0,0,0,0,0,0,0,1,0,1,0,-4.1372134742463444,-4.110549998189171
alternating,0.1,1.0,64,69,2026093872,0.0,1.0,0.0,completed,none,5.046278756522968,bounded_search_completed,bounded_search_completed,200.0,400.0,0,0,0,0,0,0,1,1,1,0,0.14325891008444813,0.16462403154303473
alternating,0.1,1.0,64,70,2026093873,0.0,1.0,0.0,completed,none,5.8103854341658305,bounded_search_completed,bounded_search_completed,200.0,400.0,0,0,0,0,0,0,0,1,1,0,0.21095939206977476,0.23548885321734758
alternating,0.1,1.0,64,71,2026093874,0.0,1.0,0.0,completed,none,0.0,bounded_search_completed,bounded_search_completed,200.0,400.0,0,0,0,0,0,0,1,0,1,0,-69.07536583755463,-69.03613630435751
alternating,0.1,1.0,64,72,2026093875,0.0,1.0,0.0,completed,none,0.9960312721122088,bounded_search_completed,bounded_search_completed,200.0,400.0,0,0,0,0,0,0,1,0,1,0,-37.524553780429095,-37.498465428481964
alternating,0.1,1.0,64,73,2026093876,0.0,1.0,0.0,completed,none,0.0,bounded_search_completed,bounded_search_completed,200.0,400.0,0,0,0,0,0,0,1,0,1,0,-73.34521716062355,-73.33298231491091
alternating,0.1,1.0,64,74,2026093877,0.0,1.0,0.0,completed,none,8.361643757289588,bounded_search_completed,bounded_search_completed,200.0,400.0,0,0,0,0,0,0,0,1,1,0,-5.310279202788621,-5.268775632958096
alternating,0.1,1.0,64,75,2026093878,0.0,1.0,0.0,completed,none,2.558652102515896,bounded_search_completed,bounded_search_completed,200.0,400.0,0,0,0,0,0,0,1,0,1,0,-0.3860749736527538,-0.3610588397693846
alternating,0.1,1.0,64,76,2026093879,0.0,1.0,0.0,completed,none,6.65704341100993,bounded_search_completed,bounded_search_completed,200.0,400.0,0,0,0,0,0,0,0,1,1,0,-2.653459386603508,-2.64441476377322
alternating,0.1,1.0,64,77,2026093880,0.0,1.0,0.0,completed,none,2.0370665496463514,bounded_search_completed,bounded_search_completed,200.0,400.0,0,0,0,0,0,0,1,0,1,0,-12.57031627451145,-12.55034751985617
alternating,0.1,1.0,64,78,2026093881,0.0,1.0,0.0,completed,none,5.809080405034373,bounded_search_completed,bounded_search_completed,200.0,400.0,0,0,0,0,0,0,1,0,1,0,-26.902496005724778,-26.875145317309297
alternating,0.1,1.0,64,79,2026093882,0.0,1.0,0.0,completed,none,0.0,bounded_search_completed,bounded_search_completed,200.0,400.0,0,0,0,0,0,0,1,0,1,0,-49.18415598425331,-49.18878388398161
alternating,0.1,1.0,64,80,2026093883,0.0,1.0,0.0,completed,none,14.748842948823869,bounded_search_completed,bounded_search_completed,200.0,400.0,0,0,0,0,0,0,0,1,1,0,1.6136196933414766,1.6396837053335176
alternating,0.1,1.0,64,81,2026093884,0.0,1.0,0.0,completed,none,2.0808281029916516,bounded_search_completed,bounded_search_completed,200.0,400.0,0,0,0,0,0,0,1,0,1,0,-4.176156782903217,-4.15340819175923
alternating,0.1,1.0,64,82,2026093885,0.0,1.0,0.0,completed,none,3.2075155120514993,bounded_search_completed,bounded_search_completed,200.0,400.0,0,0,0,0,0,0,1,0,1,0,-6.68760987448805,-6.658868108971202
alternating,0.1,1.0,64,83,2026093886,0.0,1.0,0.0,completed,none,3.2223686338390736,bounded_search_completed,bounded_search_completed,200.0,400.0,0,0,0,0,0,0,1,1,1,0,0.31613317993971535,0.3469863436843177
alternating,0.1,1.0,64,84,2026093887,0.0,1.0,0.0,completed,none,9.517646116728327,bounded_search_completed,bounded_search_completed,200.0,400.0,0,0,0,0,0,0,0,1,1,0,-1.537261371640188,-1.5141083871516265
alternating,0.1,1.0,64,85,2026093888,0.0,1.0,0.0,completed,none,6.711225267660106,bounded_search_completed,bounded_search_completed,200.0,400.0,0,0,0,0,0,0,1,0,1,0,-11.863701290705762,-11.837067708151004
alternating,0.1,1.0,64,86,2026093889,0.0,1.0,0.0,completed,none,3.154440898960132,bounded_search_completed,bounded_search_completed,200.0,400.0,0,0,0,0,0,0,1,0,1,0,-1.8430488057275092,-1.8182597342461584
alternating,0.1,1.0,64,87,2026093890,0.0,1.0,0.0,completed,none,3.7369278823294483,bounded_search_completed,bounded_search_completed,200.0,400.0,0,0,0,0,0,0,1,0,1,0,-3.7679467614161126,-3.750195761059423
alternating,0.1,1.0,64,88,2026093891,0.0,1.0,0.0,completed,none,1.7348263972242537,bounded_search_completed,bounded_search_completed,200.0,400.0,0,0,0,0,0,0,1,0,1,0,0.3824714806313949,0.41579508828861833
alternating,0.1,1.0,64,89,2026093892,0.0,1.0,0.0,completed,none,4.3264319172645855,bounded_search_completed,bounded_search_completed,200.0,400.0,0,0,0,0,0,0,1,0,1,0,-0.17775741909510856,-0.16530481403592034
alternating,0.1,1.0,64,90,2026093893,0.0,1.0,0.0,completed,none,5.679385251917916,bounded_search_completed,bounded_search_completed,200.0,400.0,0,0,0,0,0,0,0,1,1,0,-19.189497046316923,-19.147523997517787
alternating,0.1,1.0,64,91,2026093894,0.0,1.0,0.0,completed,none,10.51699679999447,bounded_search_completed,bounded_search_completed,200.0,400.0,0,0,0,0,0,0,0,1,1,0,-6.635540504149734,-6.619846736840412
alternating,0.1,1.0,64,92,2026093895,0.0,1.0,0.0,completed,none,9.215308132663328,bounded_search_completed,bounded_search_completed,200.0,400.0,0,0,0,0,0,0,0,1,1,0,0.026779243134242847,0.05809550550014109
alternating,0.1,1.0,64,93,2026093896,0.0,1.0,0.0,completed,none,5.899854434497983,bounded_search_completed,bounded_search_completed,200.0,400.0,0,0,0,0,0,0,1,0,1,0,-25.971124544147717,-25.94269596802889
alternating,0.1,1.0,64,94,2026093897,0.0,1.0,0.0,completed,none,4.650404349510012,bounded_search_completed,bounded_search_completed,200.0,400.0,0,0,0,0,0,0,1,0,1,0,-4.053583030747326,-4.01867365325144
alternating,0.1,1.0,64,95,2026093898,0.0,1.0,0.0,completed,none,1.2073051210771117,bounded_search_completed,bounded_search_completed,200.0,400.0,0,0,0,0,0,0,1,0,1,0,-0.2503347638270448,-0.23176224455955108
alternating,0.1,1.0,64,96,2026093899,0.0,1.0,0.0,completed,none,19.418767041165776,bounded_search_completed,bounded_search_completed,200.0,400.0,0,0,0,0,0,0,0,1,1,0,-1.5971719812545544,-1.5720941467433107
alternating,0.1,1.0,64,97,2026093900,0.0,1.0,0.0,completed,none,8.102668296169375,bounded_search_completed,bounded_search_completed,200.0,400.0,0,0,0,0,0,0,0,1,1,0,-4.230960165544531,-4.213245165482014
alternating,0.1,1.0,64,98,2026093901,0.0,1.0,0.0,completed,none,5.186613674165659,bounded_search_completed,bounded_search_completed,200.0,400.0,0,0,0,0,0,0,0,1,1,0,-0.7604619972122499,-0.7309813863573105
alternating,0.1,1.0,64,99,2026093902,0.0,1.0,0.0,completed,none,9.584633340927551,bounded_search_completed,bounded_search_completed,200.0,400.0,0,0,0,0,0,0,0,1,1,0,-41.9568732463091,-41.915105864796956
alternating,0.1,1.0,64,100,2026093903,0.0,1.0,0.0,completed,none,9.80608807714258,bounded_search_completed,bounded_search_completed,200.0,400.0,0,0,0,0,0,0,0,1,1,0,0.2678921425005605,0.28966122806447814
alternating,0.1,1.0,256,1,2026093904,0.0,1.0,0.0,completed,none,3.7879085916961475,bounded_search_completed,bounded_search_completed,200.0,400.0,0,0,0,0,0,0,1,0,1,0,-43.37291238449501,-43.34880341635184
alternating,0.1,1.0,256,2,2026093905,0.0,1.0,0.0,completed,none,15.340188462880954,bounded_search_completed,bounded_search_completed,200.0,400.0,0,0,0,0,0,0,0,1,1,0,-5.794485899219836,-5.771441824271903
alternating,0.1,1.0,256,3,2026093906,0.0,1.0,0.0,completed,none,5.44294919058334,bounded_search_completed,bounded_search_completed,200.0,400.0,0,0,0,0,0,0,1,0,1,0,-0.289553782090735,-0.26504797028101734
alternating,0.1,1.0,256,4,2026093907,0.0,1.0,0.0,completed,none,4.482861503351953,bounded_search_completed,bounded_search_completed,200.0,400.0,0,0,0,0,0,0,1,0,1,0,-5.710282346136779,-5.675033197008474
alternating,0.1,1.0,256,5,2026093908,0.0,1.0,0.0,completed,none,6.796621852410171,bounded_search_completed,bounded_search_completed,200.0,400.0,0,0,0,0,0,0,1,0,1,0,-1.3008635611400052,-1.2816796609608616
alternating,0.1,1.0,256,6,2026093909,0.0,1.0,0.0,completed,none,2.475806965633564,bounded_search_completed,bounded_search_completed,200.0,400.0,0,0,0,0,0,0,1,0,1,0,-5.078162919639254,-5.055488208750688
alternating,0.1,1.0,256,7,2026093910,0.0,1.0,0.0,completed,none,13.94199846842204,bounded_search_completed,bounded_search_completed,200.0,400.0,0,0,0,0,0,0,0,1,1,0,1.0195199237376187,1.0441704214147762
alternating,0.1,1.0,256,8,2026093911,0.0,1.0,0.0,completed,none,4.494224724956199,bounded_search_completed,bounded_search_completed,200.0,400.0,0,0,0,0,0,0,1,0,1,0,-5.453498190523703,-5.435813378460637
alternating,0.1,1.0,256,9,2026093912,0.0,1.0,0.0,completed,none,2.487470344498892,bounded_search_completed,bounded_search_completed,200.0,400.0,0,0,0,0,0,0,1,0,1,0,-3.3893644236602256,-3.3660806705362347
alternating,0.1,1.0,256,10,2026093913,0.0,1.0,0.0,completed,none,15.212307704108433,bounded_search_completed,bounded_search_completed,200.0,400.0,0,0,0,0,0,0,0,1,1,0,0.03470038163217737,0.06066001571068114
alternating,0.1,1.0,256,11,2026093914,0.0,1.0,0.0,completed,none,5.875130659796222,bounded_search_completed,bounded_search_completed,200.0,400.0,0,0,0,0,0,0,1,0,1,0,-12.033361678373126,-12.002676584859529
alternating,0.1,1.0,256,12,2026093915,0.0,1.0,0.0,completed,none,8.564373043212818,bounded_search_completed,bounded_search_completed,200.0,400.0,0,0,0,0,0,0,0,1,1,0,-3.77293528898889,-3.7574747801334922
alternating,0.1,1.0,256,13,2026093916,0.0,1.0,0.0,completed,none,2.4274811396750438,bounded_search_completed,bounded_search_completed,200.0,400.0,0,0,0,0,0,0,1,0,1,0,-6.690324571083266,-6.676654827039641
alternating,0.1,1.0,256,14,2026093917,0.0,1.0,0.0,completed,none,3.1113766208803666,bounded_search_completed,bounded_search_completed,200.0,400.0,0,0,0,0,0,0,1,0,1,0,-2.623547139942417,-2.5965802385374843
alternating,0.1,1.0,256,15,2026093918,0.0,1.0,0.0,completed,none,12.853586436729225,bounded_search_completed,bounded_search_completed,200.0,400.0,0,0,0,0,0,0,0,1,1,0,0.2120060917725084,0.2380349190312927
alternating,0.1,1.0,256,16,2026093919,0.0,1.0,0.0,completed,none,14.6108668950338,bounded_search_completed,bounded_search_completed,200.0,400.0,0,0,0,0,0,0,0,1,1,0,-4.713824811972557,-4.688371571652681
alternating,0.1,1.0,256,17,2026093920,0.0,1.0,0.0,completed,none,4.651689956996359,bounded_search_completed,bounded_search_completed,200.0,400.0,0,0,0,0,0,0,1,0,1,0,-0.9361083780637216,-0.9161351995646498
alternating,0.1,1.0,256,18,2026093921,0.0,1.0,0.0,completed,none,9.118837589852701,bounded_search_completed,bounded_search_completed,200.0,400.0,0,0,0,0,0,0,0,1,1,0,-2.902204253269275,-2.8760003015081566
alternating,0.1,1.0,256,19,2026093922,0.0,1.0,0.0,completed,none,1.484427880131473,bounded_search_completed,bounded_search_completed,200.0,400.0,0,0,0,0,0,0,1,0,1,0,-3.822634894187104,-3.8363560953228557
alternating,0.1,1.0,256,20,2026093923,0.0,1.0,0.0,completed,none,1.5169159701667503,bounded_search_completed,bounded_search_completed,200.0,400.0,0,0,0,0,0,0,1,0,1,0,-3.9589290035738145,-3.90847059669548
alternating,0.1,1.0,256,21,2026093924,0.0,1.0,0.0,completed,none,8.716226411645456,bounded_search_completed,bounded_search_completed,200.0,400.0,0,0,0,0,0,0,0,1,1,0,-10.292627535420479,-10.263575526414456
alternating,0.1,1.0,256,22,2026093925,0.0,1.0,0.0,completed,none,4.993483765963973,bounded_search_completed,bounded_search_completed,200.0,400.0,0,0,0,0,0,0,0,1,1,0,-5.1412306482354495,-5.10930367155467
alternating,0.1,1.0,256,23,2026093926,0.0,1.0,0.0,completed,none,4.055020629867151,bounded_search_completed,bounded_search_completed,200.0,400.0,0,0,0,0,0,0,1,0,1,0,-4.734584001220213,-4.734082255671581
alternating,0.1,1.0,256,24,2026093927,0.0,1.0,0.0,completed,none,0.3666959853973502,bounded_search_completed,bounded_search_completed,200.0,400.0,0,0,0,0,0,0,1,0,1,0,-59.861236857363025,-59.839875792981985
alternating,0.1,1.0,256,25,2026093928,0.0,1.0,0.0,completed,none,7.735542563248938,bounded_search_completed,bounded_search_completed,200.0,400.0,0,0,0,0,0,0,0,1,1,0,0.11209269195887828,0.12142538833859362
alternating,0.1,1.0,256,26,2026093929,0.0,1.0,0.0,completed,none,2.9838386297361637,bounded_search_completed,bounded_search_completed,200.0,400.0,0,0,0,0,0,0,1,0,1,0,-6.637799609227557,-6.604601475305941
alternating,0.1,1.0,256,27,2026093930,0.0,1.0,0.0,completed,none,4.905498117684965,bounded_search_completed,bounded_search_completed,200.0,400.0,0,0,0,0,0,0,1,1,1,0,-0.0953427286578119,-0.072909687495752
alternating,0.1,1.0,256,28,2026093931,0.0,1.0,0.0,completed,none,4.282153896658898,bounded_search_completed,bounded_search_completed,200.0,400.0,0,0,0,0,0,0,1,0,1,0,-17.466710882527167,-17.438235365120846
alternating,0.1,1.0,256,29,2026093932,0.0,1.0,0.0,completed,none,20.88388926220686,bounded_search_completed,bounded_search_completed,200.0,400.0,0,0,0,0,0,0,0,1,1,0,-0.9453015723352962,-0.9135865821770324
alternating,0.1,1.0,256,30,2026093933,0.0,1.0,0.0,completed,none,4.412277975750885,bounded_search_completed,bounded_search_completed,200.0,400.0,0,0,0,0,0,0,1,0,1,0,-8.036936516871918,-8.009903631720277
alternating,0.1,1.0,256,31,2026093934,0.0,1.0,0.0,completed,none,7.5981834386712634,bounded_search_completed,bounded_search_completed,200.0,400.0,0,0,0,0,0,0,0,1,1,0,-3.88904284291047,-3.8625629638760586
alternating,0.1,1.0,256,32,2026093935,0.0,1.0,0.0,completed,none,1.3372785043905397,bounded_search_completed,bounded_search_completed,200.0,400.0,0,0,0,0,0,0,1,0,1,0,-91.1704718687329,-91.12842051648852
alternating,0.1,1.0,256,33,2026093936,0.0,1.0,0.0,completed,none,10.096471481704144,bounded_search_completed,bounded_search_completed,200.0,400.0,0,0,0,0,0,0,0,1,1,0,-23.924910987721034,-23.900248285767248
alternating,0.1,1.0,256,34,2026093937,0.0,1.0,0.0,completed,none,0.4790390157404383,bounded_search_completed,bounded_search_completed,200.0,400.0,0,0,0,0,0,0,1,0,1,0,-51.244162833219576,-51.22121556001801
alternating,0.1,1.0,256,35,2026093938,0.0,1.0,0.0,completed,none,7.112542763943789,bounded_search_completed,bounded_search_completed,200.0,400.0,0,0,0,0,0,0,1,0,1,0,-1.8930412813552948,-1.8813343163595277
alternating,0.1,1.0,256,36,2026093939,0.0,1.0,0.0,completed,none,1.4539034893814906,bounded_search_completed,bounded_search_completed,200.0,400.0,0,0,0,0,0,0,1,0,1,0,-21.462174251939587,-21.437377481366013
alternating,0.1,1.0,256,37,2026093940,0.0,1.0,0.0,completed,none,11.277608070487181,bounded_search_completed,bounded_search_completed,200.0,400.0,0,0,0,0,0,0,0,1,1,0,1.6699506129305917,1.6949183479100611
alternating,0.1,1.0,256,38,2026093941,0.0,1.0,0.0,completed,none,2.447590000035965,bounded_search_completed,bounded_search_completed,200.0,400.0,0,0,0,0,0,0,1,0,1,0,-0.43866317346427763,-0.4239037014340852
alternating,0.1,1.0,256,39,2026093942,0.0,1.0,0.0,completed,none,2.7062028975511576,bounded_search_completed,bounded_search_completed,200.0,400.0,0,0,0,0,0,0,1,0,1,0,-2.388811020192236,-2.3501790691281883
alternating,0.1,1.0,256,40,2026093943,0.0,1.0,0.0,completed,none,10.18800245465679,bounded_search_completed,bounded_search_completed,200.0,400.0,0,0,0,0,0,0,0,1,1,0,-6.724343753879197,-6.7074341291308315
alternating,0.1,1.0,256,41,2026093944,0.0,1.0,0.0,completed,none,9.136940563724439,bounded_search_completed,bounded_search_completed,200.0,400.0,0,0,0,0,0,0,0,1,1,0,-0.23013006231892064,-0.20208752883712577
alternating,0.1,1.0,256,42,2026093945,0.0,1.0,0.0,completed,none,2.4229887091049354,bounded_search_completed,bounded_search_completed,200.0,400.0,0,0,0,0,0,0,1,0,1,0,-28.65361357189053,-28.62133941547404
alternating,0.1,1.0,256,43,2026093946,0.0,1.0,0.0,completed,none,3.2059144645837203,bounded_search_completed,bounded_search_completed,200.0,400.0,0,0,0,0,0,0,1,0,1,0,-12.238867554172685,-12.21715115644588
alternating,0.1,1.0,256,44,2026093947,0.0,1.0,0.0,completed,none,2.4812861726302997,bounded_search_completed,bounded_search_completed,200.0,400.0,0,0,0,0,0,0,1,0,1,0,-31.176525469314697,-31.173151638083965
alternating,0.1,1.0,256,45,2026093948,0.0,1.0,0.0,completed,none,4.788535378638455,bounded_search_completed,bounded_search_completed,200.0,400.0,0,0,0,0,0,0,1,0,1,0,-23.015858247056883,-22.99091576092343
alternating,0.1,1.0,256,46,2026093949,0.0,1.0,0.0,completed,none,13.03351665724339,bounded_search_completed,bounded_search_completed,200.0,400.0,0,0,0,0,0,0,0,1,1,0,0.7321040247298924,0.7558492841366728
alternating,0.1,1.0,256,47,2026093950,0.0,1.0,0.0,completed,none,8.052782991417201,bounded_search_completed,bounded_search_completed,200.0,400.0,0,0,0,0,0,0,1,0,1,0,-2.2359760181617787,-2.2331838684372087
alternating,0.1,1.0,256,48,2026093951,0.0,1.0,0.0,completed,none,0.7272011417540534,bounded_search_completed,bounded_search_completed,200.0,400.0,0,0,0,0,0,0,1,0,1,0,-24.599210210739102,-24.585001143752777
alternating,0.1,1.0,256,49,2026093952,0.0,1.0,0.0,completed,none,1.6839211191138406,bounded_search_completed,bounded_search_completed,200.0,400.0,0,0,0,0,0,0,1,0,1,0,-9.319726568160604,-9.32141014381179
alternating,0.1,1.0,256,50,2026093953,0.0,1.0,0.0,completed,none,9.518110670600354,bounded_search_completed,bounded_search_completed,200.0,400.0,0,0,0,0,0,0,0,1,1,0,-0.9379444559978083,-0.9165279246255693
alternating,0.1,1.0,256,51,2026093954,0.0,1.0,0.0,completed,none,3.9847999538510246,bounded_search_completed,bounded_search_completed,200.0,400.0,0,0,0,0,0,0,0,1,1,0,-2.612673965358624,-2.5835458418778785
alternating,0.1,1.0,256,52,2026093955,0.0,1.0,0.0,completed,none,2.908605491638945,bounded_search_completed,bounded_search_completed,200.0,400.0,0,0,0,0,0,0,1,0,1,0,-98.28190600700013,-98.26612994812659
alternating,0.1,1.0,256,53,2026093956,0.0,1.0,0.0,completed,none,3.75143476851203,bounded_search_completed,bounded_search_completed,200.0,400.0,0,0,0,0,0,0,1,0,1,0,-24.030274197639073,-24.004059366223657
alternating,0.1,1.0,256,54,2026093957,0.0,1.0,0.0,completed,none,4.141355790002189,bounded_search_completed,bounded_search_completed,200.0,400.0,0,0,0,0,0,0,1,0,1,0,-51.110412246785785,-51.102132926985604
alternating,0.1,1.0,256,55,2026093958,0.0,1.0,0.0,completed,none,3.474178294225573,bounded_search_completed,bounded_search_completed,200.0,400.0,0,0,0,0,0,0,1,0,1,0,-9.004825308006815,-8.986659190985733
alternating,0.1,1.0,256,56,2026093959,0.0,1.0,0.0,completed,none,2.499609649796251,bounded_search_completed,bounded_search_completed,200.0,400.0,0,0,0,0,0,0,1,0,1,0,-7.649681699734288,-7.6138414782377595
alternating,0.1,1.0,256,57,2026093960,0.0,1.0,0.0,completed,none,5.947767866680335,bounded_search_completed,bounded_search_completed,200.0,400.0,0,0,0,0,0,0,1,0,1,0,-0.25334464040608395,-0.2203855924599054
alternating,0.1,1.0,256,58,2026093961,0.0,1.0,0.0,completed,none,2.971324348378673,bounded_search_completed,bounded_search_completed,200.0,400.0,0,0,0,0,0,0,1,0,1,0,-1.2199609437214178,-1.2145642159564716
alternating,0.1,1.0,256,59,2026093962,0.0,1.0,0.0,completed,none,4.187246685842523,bounded_search_completed,bounded_search_completed,200.0,400.0,0,0,0,0,0,0,1,0,1,0,-3.6828290289520282,-3.6630225294362333
alternating,0.1,1.0,256,60,2026093963,0.0,1.0,0.0,completed,none,32.01762635473032,bounded_search_completed,bounded_search_completed,200.0,400.0,0,0,0,0,0,0,0,1,1,0,0.7418731767702127,0.7649229139713327
alternating,0.1,1.0,256,61,2026093964,0.0,1.0,0.0,completed,none,2.113848550177355,bounded_search_completed,bounded_search_completed,200.0,400.0,0,0,0,0,0,0,1,0,1,0,0.2511087535645231,0.2798254530210045
alternating,0.1,1.0,256,62,2026093965,0.0,1.0,0.0,completed,none,3.5884582889500636,bounded_search_completed,bounded_search_completed,200.0,400.0,0,0,0,0,0,0,1,0,1,0,-5.795416252038507,-5.769663556431254
alternating,0.1,1.0,256,63,2026093966,0.0,1.0,0.0,completed,none,8.840895400939987,bounded_search_completed,bounded_search_completed,200.0,400.0,0,0,0,0,0,0,0,1,1,0,-6.15645306008031,-6.127853179070513
alternating,0.1,1.0,256,64,2026093967,0.0,1.0,0.0,completed,none,3.3478760335273483,bounded_search_completed,bounded_search_completed,200.0,400.0,0,0,0,0,0,0,1,0,1,0,-21.37615604170915,-21.347257636259656
alternating,0.1,1.0,256,65,2026093968,0.0,1.0,0.0,completed,none,4.636284222312406,bounded_search_completed,bounded_search_completed,200.0,400.0,0,0,0,0,0,0,1,0,1,0,0.29303309819405854,0.3179600399118101
alternating,0.1,1.0,256,66,2026093969,0.0,1.0,0.0,completed,none,1.2120082540424473,bounded_search_completed,bounded_search_completed,200.0,400.0,0,0,0,0,0,0,1,0,1,0,-100.60479590227482,-100.57953108400858
alternating,0.1,1.0,256,67,2026093970,0.0,1.0,0.0,completed,none,5.344686693042021,bounded_search_completed,bounded_search_completed,200.0,400.0,0,0,0,0,0,0,0,1,1,0,-0.8319964473245989,-0.8085789570714894
alternating,0.1,1.0,256,68,2026093971,0.0,1.0,0.0,completed,none,0.3226352294351114,bounded_search_completed,bounded_search_completed,200.0,400.0,0,0,0,0,0,0,1,0,1,0,-27.74020648288257,-27.66571646131547
alternating,0.1,1.0,256,69,2026093972,0.0,1.0,0.0,completed,none,6.876255022219682,bounded_search_completed,bounded_search_completed,200.0,400.0,0,0,0,0,0,0,1,0,1,0,-0.6437690751843377,-0.622246494184111
alternating,0.1,1.0,256,70,2026093973,0.0,1.0,0.0,completed,none,9.447182496288676,bounded_search_completed,bounded_search_completed,200.0,400.0,0,0,0,0,0,0,0,1,1,0,-2.0310952373565954,-1.9970821008762698
alternating,0.1,1.0,256,71,2026093974,0.0,1.0,0.0,completed,none,4.11976988385985,bounded_search_completed,bounded_search_completed,200.0,400.0,0,0,0,0,0,0,1,0,1,0,-4.561009709189079,-4.525578425319253
alternating,0.1,1.0,256,72,2026093975,0.0,1.0,0.0,completed,none,3.692787957964945,bounded_search_completed,bounded_search_completed,200.0,400.0,0,0,0,0,0,0,1,0,1,0,-5.987079660379749,-5.978451756668534
alternating,0.1,1.0,256,73,2026093976,0.0,1.0,0.0,completed,none,5.635204828930455,bounded_search_completed,bounded_search_completed,200.0,400.0,0,0,0,0,0,0,0,1,1,0,-6.211700245482518,-6.1834997671492715
alternating,0.1,1.0,256,74,2026093977,0.0,1.0,0.0,completed,none,9.892106296178987,bounded_search_completed,bounded_search_completed,200.0,400.0,0,0,0,0,0,0,0,1,1,0,-1.6723273972205561,-1.6571018449715496
alternating,0.1,1.0,256,75,2026093978,0.0,1.0,0.0,completed,none,2.770672484670621,bounded_search_completed,bounded_search_completed,200.0,400.0,0,0,0,0,0,0,1,0,1,0,-29.816711198057817,-29.776635448267257
alternating,0.1,1.0,256,76,2026093979,0.0,1.0,0.0,completed,none,9.052809015600618,bounded_search_completed,bounded_search_completed,200.0,400.0,0,0,0,0,0,0,0,1,1,0,-4.436898847670477,-4.414660465319429
alternating,0.1,1.0,256,77,2026093980,0.0,1.0,0.0,completed,none,7.362307066896342,bounded_search_completed,bounded_search_completed,200.0,400.0,0,0,0,0,0,0,0,1,1,0,-11.831148007909462,-11.805625713777857
alternating,0.1,1.0,256,78,2026093981,0.0,1.0,0.0,completed,none,7.130476337228636,bounded_search_completed,bounded_search_completed,200.0,400.0,0,0,0,0,0,0,0,1,1,0,0.41243463422767945,0.4342615803513752
alternating,0.1,1.0,256,79,2026093982,0.0,1.0,0.0,completed,none,7.506712473794079,bounded_search_completed,bounded_search_completed,200.0,400.0,0,0,0,0,0,0,0,1,1,0,-3.6657978838492795,-3.642545410173881
alternating,0.1,1.0,256,80,2026093983,0.0,1.0,0.0,completed,none,4.928923377962342,bounded_search_completed,bounded_search_completed,200.0,400.0,0,0,0,0,0,0,1,0,1,0,-94.51546483656836,-94.48599059270293
alternating,0.1,1.0,256,81,2026093984,0.0,1.0,0.0,completed,none,5.649993657500992,bounded_search_completed,bounded_search_completed,200.0,400.0,0,0,0,0,0,0,1,0,1,0,-0.5169602920915111,-0.48704226792588656
alternating,0.1,1.0,256,82,2026093985,0.0,1.0,0.0,completed,none,12.988614717039884,bounded_search_completed,bounded_search_completed,200.0,400.0,0,0,0,0,0,0,0,1,1,0,-4.067947005515975,-4.042444090103146
alternating,0.1,1.0,256,83,2026093986,0.0,1.0,0.0,completed,none,2.250928803620816,bounded_search_completed,bounded_search_completed,200.0,400.0,0,0,0,0,0,0,1,0,1,0,-22.40312320457062,-22.363882659697083
alternating,0.1,1.0,256,84,2026093987,0.0,1.0,0.0,completed,none,27.11506847946941,bounded_search_completed,bounded_search_completed,200.0,400.0,0,0,0,0,0,0,0,1,0,1,3.7515371615294555,3.776994681560012
alternating,0.1,1.0,256,85,2026093988,0.0,1.0,0.0,completed,none,1.084486143840984,bounded_search_completed,bounded_search_completed,200.0,400.0,0,0,0,0,0,0,1,0,1,0,-37.14158681834266,-37.11077451025261
alternating,0.1,1.0,256,86,2026093989,0.0,1.0,0.0,completed,none,8.558096481175316,bounded_search_completed,bounded_search_completed,200.0,400.0,0,0,0,0,0,0,1,0,1,0,-2.2185546617175476,-2.198486300986417
alternating,0.1,1.0,256,87,2026093990,0.0,1.0,0.0,completed,none,3.379573003377925,bounded_search_completed,bounded_search_completed,200.0,400.0,0,0,0,0,0,0,1,0,1,0,-50.403611510588206,-50.34709051917511
alternating,0.1,1.0,256,88,2026093991,0.0,1.0,0.0,completed,none,1.0392939339704235,bounded_search_completed,bounded_search_completed,200.0,400.0,0,0,0,0,0,0,1,0,1,0,-71.81940744944669,-71.77204109993309
alternating,0.1,1.0,256,89,2026093992,0.0,1.0,0.0,completed,none,2.8973730732537426,bounded_search_completed,bounded_search_completed,200.0,400.0,0,0,0,0,0,0,1,0,1,0,-0.35713950446924514,-0.32534929674872615
alternating,0.1,1.0,256,90,2026093993,0.0,1.0,0.0,completed,none,2.5310474677770918,bounded_search_completed,bounded_search_completed,200.0,400.0,0,0,0,0,0,0,1,0,1,0,-34.7634657757589,-34.7468300308048
alternating,0.1,1.0,256,91,2026093994,0.0,1.0,0.0,completed,none,9.826201487579166,bounded_search_completed,bounded_search_completed,200.0,400.0,0,0,0,0,0,0,0,1,1,0,-1.1632905101514837,-1.141650302707177
alternating,0.1,1.0,256,92,2026093995,0.0,1.0,0.0,completed,none,10.488505790202966,bounded_search_completed,bounded_search_completed,200.0,400.0,0,0,0,0,0,0,0,1,1,0,-5.598410589622404,-5.572782854302403
alternating,0.1,1.0,256,93,2026093996,0.0,1.0,0.0,completed,none,3.1302923084811605,bounded_search_completed,bounded_search_completed,200.0,400.0,0,0,0,0,0,0,1,0,1,0,-1.721323881832376,-1.6919270894414353
alternating,0.1,1.0,256,94,2026093997,0.0,1.0,0.0,completed,none,1.6294819788605834,bounded_search_completed,bounded_search_completed,200.0,400.0,0,0,0,0,0,0,1,0,1,0,-7.135035075305495,-7.139219771919727
alternating,0.1,1.0,256,95,2026093998,0.0,1.0,0.0,completed,none,0.7065634829444056,bounded_search_completed,bounded_search_completed,200.0,400.0,0,0,0,0,0,0,1,0,1,0,-6.826718268741843,-6.820226196472731
alternating,0.1,1.0,256,96,2026093999,0.0,1.0,0.0,completed,none,2.323751680925953,bounded_search_completed,bounded_search_completed,200.0,400.0,0,0,0,0,0,0,1,0,1,0,-5.8549860819307185,-5.829453485904338
alternating,0.1,1.0,256,97,2026094000,0.0,1.0,0.0,completed,none,8.640375875814003,bounded_search_completed,bounded_search_completed,200.0,400.0,0,0,0,0,0,0,0,1,1,0,-3.866140206142518,-3.841962727114719
alternating,0.1,1.0,256,98,2026094001,0.0,1.0,0.0,completed,none,2.3488758300656336,bounded_search_completed,bounded_search_completed,200.0,400.0,0,0,0,0,0,0,1,0,1,0,-11.274445437835368,-11.324076284723901
alternating,0.1,1.0,256,99,2026094002,0.0,1.0,0.0,completed,none,4.593876087109198,bounded_search_completed,bounded_search_completed,200.0,400.0,0,0,0,0,0,0,1,0,1,0,-5.3632462032931585,-5.336408650215105
alternating,0.1,1.0,256,100,2026094003,0.0,1.0,0.0,completed,none,2.0460013710224443,bounded_search_completed,bounded_search_completed,200.0,400.0,0,0,0,0,0,0,1,0,1,0,-1.1054592022423435,-1.082691242190549
alternating,1.0,1.0,64,1,2026094004,0.0,1.0,0.0,completed,none,8.022871621422663,bounded_search_completed,bounded_search_completed,200.0,400.0,0,0,0,0,0,0,1,1,1,0,-0.9942406103159165,-0.7214319555777031
alternating,1.0,1.0,64,2,2026094005,0.0,1.0,0.0,completed,none,2.69608727078792,bounded_search_completed,bounded_search_completed,200.0,400.0,0,0,0,0,0,0,1,0,1,0,-2.1433772939002687,-1.9433365002574128
alternating,1.0,1.0,64,3,2026094006,0.0,1.0,0.0,completed,none,2.9632036991799766,bounded_search_completed,bounded_search_completed,200.0,400.0,0,0,0,0,0,0,1,0,1,0,-6.490807083990848,-6.287221265395598
alternating,1.0,1.0,64,4,2026094007,0.0,1.0,0.0,completed,none,2.653379702153859,bounded_search_completed,bounded_search_completed,200.0,400.0,0,0,0,0,0,0,1,0,1,0,-4.944590664690132,-4.54529900314774
alternating,1.0,1.0,64,5,2026094008,0.0,1.0,0.0,completed,none,2.6724360121830792,bounded_search_completed,bounded_search_completed,200.0,400.0,0,0,0,0,0,0,1,0,1,0,-6.363098302512281,-6.072301089954596
alternating,1.0,1.0,64,6,2026094009,0.0,1.0,0.0,completed,none,10.288649922816722,bounded_search_completed,bounded_search_completed,200.0,400.0,0,0,0,0,0,0,1,1,1,0,-5.972362961304686,-5.765698354403664
alternating,1.0,1.0,64,7,2026094010,0.0,1.0,0.0,completed,none,11.828055874385623,bounded_search_completed,bounded_search_completed,200.0,400.0,0,0,0,0,0,0,0,1,1,0,-2.297605015892362,-2.0458264031441864
alternating,1.0,1.0,64,8,2026094011,0.0,1.0,0.0,completed,none,10.373639254222926,bounded_search_completed,bounded_search_completed,200.0,400.0,0,0,0,0,0,0,0,1,1,0,1.12386167635146,1.362249281543093
alternating,1.0,1.0,64,9,2026094012,0.0,1.0,0.0,completed,none,2.045480298008482,bounded_search_completed,bounded_search_completed,200.0,400.0,0,0,0,0,0,0,1,0,1,0,-2.3591521428287656,-2.059627716814685
alternating,1.0,1.0,64,10,2026094013,0.0,1.0,0.0,completed,none,4.967035196159572,bounded_search_completed,bounded_search_completed,200.0,400.0,0,0,0,0,0,0,1,0,1,0,-6.807346335902359,-6.61158322202791
alternating,1.0,1.0,64,11,2026094014,0.0,1.0,0.0,completed,none,5.734819868811854,bounded_search_completed,bounded_search_completed,200.0,400.0,0,0,0,0,0,0,1,0,1,0,-14.571574162573175,-14.211708833691649
alternating,1.0,1.0,64,12,2026094015,0.0,1.0,0.0,completed,none,3.9495660086145064,bounded_search_completed,bounded_search_completed,200.0,400.0,0,0,0,0,0,0,1,0,1,0,-2.6198504212202636,-2.4434507054998207
alternating,1.0,1.0,64,13,2026094016,0.0,1.0,0.0,completed,none,3.7733946179388282,bounded_search_completed,bounded_search_completed,200.0,400.0,0,0,0,0,0,0,1,0,1,0,-8.007492038255133,-7.765684513330843
alternating,1.0,1.0,64,14,2026094017,0.0,1.0,0.0,completed,none,5.902896291088177,bounded_search_completed,bounded_search_completed,200.0,400.0,0,0,0,0,0,0,1,0,1,0,-2.8848436462494043,-2.729555988483863
alternating,1.0,1.0,64,15,2026094018,0.0,1.0,0.0,completed,none,6.205315793390824,bounded_search_completed,bounded_search_completed,200.0,400.0,0,0,0,0,0,0,1,0,1,0,-10.17967359627966,-10.113984574273264
alternating,1.0,1.0,64,16,2026094019,0.0,1.0,0.0,completed,none,2.397568740975668,bounded_search_completed,bounded_search_completed,200.0,400.0,0,0,0,0,0,0,1,0,1,0,-81.01350934231544,-80.89751795596996
alternating,1.0,1.0,64,17,2026094020,0.0,1.0,0.0,completed,none,2.24932217579821,bounded_search_completed,bounded_search_completed,200.0,400.0,0,0,0,0,0,0,1,0,1,0,-74.01894058395305,-73.55434965321484
alternating,1.0,1.0,64,18,2026094021,0.0,1.0,0.0,completed,none,8.212619395092434,bounded_search_completed,bounded_search_completed,200.0,400.0,0,0,0,0,0,0,1,1,1,0,-20.694157030771027,-20.360325534337502
alternating,1.0,1.0,64,19,2026094022,0.0,1.0,0.0,completed,none,6.846855420704776,bounded_search_completed,bounded_search_completed,200.0,400.0,0,0,0,0,0,0,1,0,1,0,-2.677170312197866,-2.614451495322463
alternating,1.0,1.0,64,20,2026094023,0.0,1.0,0.0,completed,none,13.583482649510431,bounded_search_completed,bounded_search_completed,200.0,400.0,0,0,0,0,0,0,0,1,1,0,-7.0622924579654125,-6.701575453979359
alternating,1.0,1.0,64,21,2026094024,0.0,1.0,0.0,completed,none,10.10060140676162,bounded_search_completed,bounded_search_completed,200.0,400.0,0,0,0,0,0,0,0,1,1,0,-5.1930755652908935,-4.893470431674114
alternating,1.0,1.0,64,22,2026094025,0.0,1.0,0.0,completed,none,13.111751146958177,bounded_search_completed,bounded_search_completed,200.0,400.0,0,0,0,0,0,0,0,1,1,0,-1.0165943997106517,-0.7393107210788195
alternating,1.0,1.0,64,23,2026094026,0.0,1.0,0.0,completed,none,7.121329875503684,bounded_search_completed,bounded_search_completed,200.0,400.0,0,0,0,0,0,0,1,0,1,0,-13.162736137525624,-13.1039425939172
alternating,1.0,1.0,64,24,2026094027,0.0,1.0,0.0,completed,none,0.0,bounded_search_completed,bounded_search_completed,200.0,400.0,0,0,0,0,0,0,1,0,1,0,-103.93301606696426,-103.65868417623892
alternating,1.0,1.0,64,25,2026094028,0.0,1.0,0.0,completed,none,0.5714262798684028,bounded_search_completed,bounded_search_completed,200.0,400.0,0,0,0,0,0,0,1,0,1,0,-15.887031108842407,-15.933982433505605
alternating,1.0,1.0,64,26,2026094029,0.0,1.0,0.0,completed,none,7.332840758439889,bounded_search_completed,bounded_search_completed,200.0,400.0,0,0,0,0,0,0,1,0,1,0,-2.877434617631252,-2.6574518004434466
alternating,1.0,1.0,64,27,2026094030,0.0,1.0,0.0,completed,none,9.583803659587849,bounded_search_completed,bounded_search_completed,200.0,400.0,0,0,0,0,0,0,0,1,1,0,-2.5415562174517277,-2.261177108945411
alternating,1.0,1.0,64,28,2026094031,0.0,1.0,0.0,completed,none,5.817828061963477,bounded_search_completed,bounded_search_completed,200.0,400.0,0,0,0,0,0,0,1,0,1,0,-0.9406405140933707,-0.7806483831618714
alternating,1.0,1.0,64,29,2026094032,0.0,1.0,0.0,completed,none,3.5433766534816358,bounded_search_completed,bounded_search_completed,200.0,400.0,0,0,0,0,0,0,1,0,1,0,-4.50074542273666,-4.284974867588989
alternating,1.0,1.0,64,30,2026094033,0.0,1.0,0.0,completed,none,11.956311287024253,bounded_search_completed,bounded_search_completed,200.0,400.0,0,0,0,0,0,0,0,1,1,0,-14.383725442790062,-14.088358999185797
alternating,1.0,1.0,64,31,2026094034,0.0,1.0,0.0,completed,none,9.59903590491463,bounded_search_completed,bounded_search_completed,200.0,400.0,0,0,0,0,0,0,0,1,1,0,-1.8301170311197197,-1.5597423265645318
alternating,1.0,1.0,64,32,2026094035,0.0,1.0,0.0,completed,none,8.200415673552323,bounded_search_completed,bounded_search_completed,200.0,400.0,0,0,0,0,0,0,1,0,1,0,-1.907779598546341,-1.686240387320801
alternating,1.0,1.0,64,33,2026094036,0.0,1.0,0.0,completed,none,11.325835013579317,bounded_search_completed,bounded_search_completed,200.0,400.0,0,0,0,0,0,0,0,1,1,0,1.0299657382033622,1.2579170727814066
alternating,1.0,1.0,64,34,2026094037,0.0,1.0,0.0,completed,none,7.614305481412273,bounded_search_completed,bounded_search_completed,200.0,400.0,0,0,0,0,0,0,1,0,1,0,-9.121523011835972,-8.864035018380417
alternating,1.0,1.0,64,35,2026094038,0.0,1.0,0.0,completed,none,4.289621976181274,bounded_search_completed,bounded_search_completed,200.0,400.0,0,0,0,0,0,0,1,0,1,0,-19.21717897973309,-18.971602123747772
alternating,1.0,1.0,64,36,2026094039,0.0,1.0,0.0,completed,none,0.0,bounded_search_completed,bounded_search_completed,200.0,400.0,0,0,0,0,0,0,1,0,1,0,-49.962929357467935,-49.83538395924429
alternating,1.0,1.0,64,37,2026094040,0.0,1.0,0.0,completed,none,6.899257644471396,bounded_search_completed,bounded_search_completed,200.0,400.0,0,0,0,0,0,0,1,0,1,0,0.29312486143325955,0.5010313619589049
alternating,1.0,1.0,64,38,2026094041,0.0,1.0,0.0,completed,none,4.463180585763009,bounded_search_completed,bounded_search_completed,200.0,400.0,0,0,0,0,0,0,1,0,1,0,-4.557515976503865,-4.287321803353841
alternating,1.0,1.0,64,39,2026094042,0.0,1.0,0.0,completed,none,13.986003322775145,bounded_search_completed,bounded_search_completed,200.0,400.0,0,0,0,0,0,0,0,1,1,0,-5.322838328280824,-5.0987125283908625
alternating,1.0,1.0,64,40,2026094043,0.0,1.0,0.0,completed,none,11.069080280192127,bounded_search_completed,bounded_search_completed,200.0,400.0,0,0,0,0,0,0,0,1,1,0,0.7182294841724328,0.9636920839216643
alternating,1.0,1.0,64,41,2026094044,0.0,1.0,0.0,completed,none,4.220129052800256,bounded_search_completed,bounded_search_completed,200.0,400.0,0,0,0,0,0,0,1,0,1,0,-9.110120220337773,-8.659661578702792
alternating,1.0,1.0,64,42,2026094045,0.0,1.0,0.0,completed,none,5.740919770008979,bounded_search_completed,bounded_search_completed,200.0,400.0,0,0,0,0,0,0,1,1,1,0,-6.947581843479988,-6.6815312739911334
alternating,1.0,1.0,64,43,2026094046,0.0,1.0,0.0,completed,none,4.42822811035569,bounded_search_completed,bounded_search_completed,200.0,400.0,0,0,0,0,0,0,1,0,1,0,-0.20741094250564984,0.0352933232911532
alternating,1.0,1.0,64,44,2026094047,0.0,1.0,0.0,completed,none,8.80265970525013,bounded_search_completed,bounded_search_completed,200.0,400.0,0,0,0,0,0,0,1,1,1,0,-8.427554379618373,-8.173187117430446
alternating,1.0,1.0,64,45,2026094048,0.0,1.0,0.0,completed,none,3.5510920059787217,bounded_search_completed,bounded_search_completed,200.0,400.0,0,0,0,0,0,0,1,0,1,0,-9.056601025546506,-8.594674990554815
alternating,1.0,1.0,64,46,2026094049,0.0,1.0,0.0,completed,none,2.8029754701087217,bounded_search_completed,bounded_search_completed,200.0,400.0,0,0,0,0,0,0,1,0,1,0,-3.2212200154364155,-3.5874314804450265
alternating,1.0,1.0,64,47,2026094050,0.0,1.0,0.0,completed,none,4.964548581106792,bounded_search_completed,bounded_search_completed,200.0,400.0,0,0,0,0,0,0,1,0,1,0,-6.472805830856444,-6.279419111677029
alternating,1.0,1.0,64,48,2026094051,0.0,1.0,0.0,completed,none,3.943722320624681,bounded_search_completed,bounded_search_completed,200.0,400.0,0,0,0,0,0,0,1,0,1,0,-3.5157448944313963,-3.4443979934248397
alternating,1.0,1.0,64,49,2026094052,0.0,1.0,0.0,completed,none,1.332653814542083,bounded_search_completed,bounded_search_completed,200.0,400.0,0,0,0,0,0,0,1,0,1,0,-43.373187233415045,-42.780878224287896
alternating,1.0,1.0,64,50,2026094053,0.0,1.0,0.0,completed,none,4.858364463462391,bounded_search_completed,bounded_search_completed,200.0,400.0,0,0,0,0,0,0,1,0,1,0,-2.844042405707171,-2.7353955959824248
alternating,1.0,1.0,64,51,2026094054,0.0,1.0,0.0,completed,none,4.441309463170807,bounded_search_completed,bounded_search_completed,200.0,400.0,0,0,0,0,0,0,1,1,1,0,-0.03927167170391854,0.16897943308486063
alternating,1.0,1.0,64,52,2026094055,0.0,1.0,0.0,completed,none,3.066955507539699,bounded_search_completed,bounded_search_completed,200.0,400.0,0,0,0,0,0,0,1,0,1,0,-5.447333168030223,-5.307549001082702
alternating,1.0,1.0,64,53,2026094056,0.0,1.0,0.0,completed,none,2.1727269518892456,bounded_search_completed,bounded_search_completed,200.0,400.0,0,0,0,0,0,0,1,0,1,0,-114.1270355379581,-113.62319689804303
alternating,1.0,1.0,64,54,2026094057,0.0,1.0,0.0,completed,none,4.022814758290056,bounded_search_completed,bounded_search_completed,200.0,400.0,0,0,0,0,0,0,1,0,1,0,-3.692582436602322,-3.441167115535457
alternating,1.0,1.0,64,55,2026094058,0.0,1.0,0.0,completed,none,5.672685535784436,bounded_search_completed,bounded_search_completed,200.0,400.0,0,0,0,0,0,0,1,0,1,0,-2.4914706440839325,-2.258063805332611
alternating,1.0,1.0,64,56,2026094059,0.0,1.0,0.0,completed,none,8.77959405590106,bounded_search_completed,bounded_search_completed,200.0,400.0,0,0,0,0,0,0,1,1,1,0,0.12308697010066183,0.3325696915614138
alternating,1.0,1.0,64,57,2026094060,0.0,1.0,0.0,completed,none,2.6299148326086454,bounded_search_completed,bounded_search_completed,200.0,400.0,0,0,0,0,0,0,1,0,1,0,-8.256653062353209,-7.87522385457352
alternating,1.0,1.0,64,58,2026094061,0.0,1.0,0.0,completed,none,1.8842299698115672,bounded_search_completed,bounded_search_completed,200.0,400.0,0,0,0,0,0,0,1,0,1,0,-25.646907421567732,-25.469480743069305
alternating,1.0,1.0,64,59,2026094062,0.0,1.0,0.0,completed,none,18.11856832950204,bounded_search_completed,bounded_search_completed,200.0,400.0,0,0,0,0,0,0,0,1,1,0,0.7393383005124932,0.9339676186777126
alternating,1.0,1.0,64,60,2026094063,0.0,1.0,0.0,completed,none,12.62771140649163,bounded_search_completed,bounded_search_completed,200.0,400.0,0,0,0,0,0,0,0,1,1,0,0.5396219191060929,0.7630759060250263
alternating,1.0,1.0,64,61,2026094064,0.0,1.0,0.0,completed,none,2.8053623549893105,bounded_search_completed,bounded_search_completed,200.0,400.0,0,0,0,0,0,0,1,0,1,0,-7.292554454613764,-7.232481325851651
alternating,1.0,1.0,64,62,2026094065,0.0,1.0,0.0,completed,none,0.0,bounded_search_completed,bounded_search_completed,200.0,400.0,0,0,0,0,0,0,1,0,1,0,-41.09633079807956,-40.50548168304897
alternating,1.0,1.0,64,63,2026094066,0.0,1.0,0.0,completed,none,2.864245906864105,bounded_search_completed,bounded_search_completed,200.0,400.0,0,0,0,0,0,0,1,0,1,0,-7.129134101593742,-6.876340532143608
alternating,1.0,1.0,64,64,2026094067,0.0,1.0,0.0,completed,none,5.551315229002521,bounded_search_completed,bounded_search_completed,200.0,400.0,0,0,0,0,0,0,1,0,1,0,-1.3760636981085632,-1.1583409397015565
alternating,1.0,1.0,64,65,2026094068,0.0,1.0,0.0,completed,none,5.609893529345998,bounded_search_completed,bounded_search_completed,200.0,400.0,0,0,0,0,0,0,1,0,1,0,-14.557950608140041,-14.327130481774178
alternating,1.0,1.0,64,66,2026094069,0.0,1.0,0.0,completed,none,0.7417991099452449,bounded_search_completed,bounded_search_completed,200.0,400.0,0,0,0,0,0,0,1,0,1,0,-39.77218836811734,-39.560974212443725
alternating,1.0,1.0,64,67,2026094070,0.0,1.0,0.0,completed,none,1.3064332942064414,bounded_search_completed,bounded_search_completed,200.0,400.0,0,0,0,0,0,0,1,0,1,0,-5.8548699388689585,-5.644768493187939
alternating,1.0,1.0,64,68,2026094071,0.0,1.0,0.0,completed,none,22.377154954505123,bounded_search_completed,bounded_search_completed,200.0,400.0,0,0,0,0,0,0,0,1,1,0,1.1411768591966442,1.3878394612542841
alternating,1.0,1.0,64,69,2026094072,0.0,1.0,0.0,completed,none,6.93345862220617,bounded_search_completed,bounded_search_completed,200.0,400.0,0,0,0,0,0,0,1,0,1,0,0.6775109580762972,0.9302903201922064
alternating,1.0,1.0,64,70,2026094073,0.0,1.0,0.0,completed,none,8.954061448012629,bounded_search_completed,bounded_search_completed,200.0,400.0,0,0,0,0,0,0,1,1,1,0,-6.480677847281694,-6.234192451777869
alternating,1.0,1.0,64,71,2026094074,0.0,1.0,0.0,completed,none,5.660542836799024,bounded_search_completed,bounded_search_completed,200.0,400.0,0,0,0,0,0,0,1,0,1,0,-9.547241396908987,-9.101336901238817
alternating,1.0,1.0,64,72,2026094075,0.0,1.0,0.0,completed,none,2.7370207017948878,bounded_search_completed,bounded_search_completed,200.0,400.0,0,0,0,0,0,0,1,1,1,0,-6.290295522493437,-6.053545283382377
alternating,1.0,1.0,64,73,2026094076,0.0,1.0,0.0,completed,none,15.451263777157202,bounded_search_completed,bounded_search_completed,200.0,400.0,0,0,0,0,0,0,0,1,1,0,1.2803910490080845,1.5328284465620392
alternating,1.0,1.0,64,74,2026094077,0.0,1.0,0.0,completed,none,3.989942578055741,bounded_search_completed,bounded_search_completed,200.0,400.0,0,0,0,0,0,0,1,0,1,0,-1.0172287476287494,-0.8172231179455736
alternating,1.0,1.0,64,75,2026094078,0.0,1.0,0.0,completed,none,6.4132888863704265,bounded_search_completed,bounded_search_completed,200.0,400.0,0,0,0,0,0,0,1,1,1,0,-75.22842481160407,-74.84463357630683
alternating,1.0,1.0,64,76,2026094079,0.0,1.0,0.0,completed,none,6.572861748034786,bounded_search_completed,bounded_search_completed,200.0,400.0,0,0,0,0,0,0,1,0,1,0,-6.799492462143338,-6.485705418570266
alternating,1.0,1.0,64,77,2026094080,0.0,1.0,0.0,completed,none,2.6779670769984008,bounded_search_completed,bounded_search_completed,200.0,400.0,0,0,0,0,0,0,1,0,1,0,-8.89531428483339,-8.69620504802004
alternating,1.0,1.0,64,78,2026094081,0.0,1.0,0.0,completed,none,24.509094805655025,bounded_search_completed,bounded_search_completed,200.0,400.0,0,0,0,0,0,0,0,1,1,0,2.3902665999111825,2.617776734936509
alternating,1.0,1.0,64,79,2026094082,0.0,1.0,0.0,completed,none,3.767104034712608,bounded_search_completed,bounded_search_completed,200.0,400.0,0,0,0,0,0,0,1,0,1,0,0.21881226892422134,0.425954818453139
alternating,1.0,1.0,64,80,2026094083,0.0,1.0,0.0,completed,none,8.335215863342022,bounded_search_completed,bounded_search_completed,200.0,400.0,0,0,0,0,0,0,1,0,1,0,-8.493792926641898,-8.411051722882714
alternating,1.0,1.0,64,81,2026094084,0.0,1.0,0.0,completed,none,9.18021722674526,bounded_search_completed,bounded_search_completed,200.0,400.0,0,0,0,0,0,0,1,1,1,0,-0.33637810214300856,-0.1292394059909796
alternating,1.0,1.0,64,82,2026094085,0.0,1.0,0.0,completed,none,3.733154892578778,bounded_search_completed,bounded_search_completed,200.0,400.0,0,0,0,0,0,0,1,0,1,0,-5.862459112406452,-5.4084184944547395
alternating,1.0,1.0,64,83,2026094086,0.0,1.0,0.0,completed,none,5.352638806622621,bounded_search_completed,bounded_search_completed,200.0,400.0,0,0,0,0,0,0,1,0,1,0,0.1408600594928444,0.3435731058482503
alternating,1.0,1.0,64,84,2026094087,0.0,1.0,0.0,completed,none,5.802506945196152,bounded_search_completed,bounded_search_completed,200.0,400.0,0,0,0,0,0,0,1,0,1,0,-0.8563914182638328,-0.5456559605024864
alternating,1.0,1.0,64,85,2026094088,0.0,1.0,0.0,completed,none,0.0,bounded_search_completed,bounded_search_completed,200.0,400.0,0,0,0,0,0,0,1,0,1,0,-34.41111054670719,-34.5772493105612
alternating,1.0,1.0,64,86,2026094089,0.0,1.0,0.0,completed,none,3.4455588412248535,bounded_search_completed,bounded_search_completed,200.0,400.0,0,0,0,0,0,0,1,0,1,0,-1.986231987232486,-1.752384948393079
alternating,1.0,1.0,64,87,2026094090,0.0,1.0,0.0,completed,none,5.896743456972968,bounded_search_completed,bounded_search_completed,200.0,400.0,0,0,0,0,0,0,1,0,1,0,-9.613724354305443,-9.25157857350339
alternating,1.0,1.0,64,88,2026094091,0.0,1.0,0.0,completed,none,5.761817128882094,bounded_search_completed,bounded_search_completed,200.0,400.0,0,0,0,0,0,0,1,0,1,0,-2.481217256306987,-2.3974474962848227
alternating,1.0,1.0,64,89,2026094092,0.0,1.0,0.0,completed,none,4.290199962721515,bounded_search_completed,bounded_search_completed,200.0,400.0,0,0,0,0,0,0,1,0,1,0,-7.614487332647371,-7.3451201763209255
alternating,1.0,1.0,64,90,2026094093,0.0,1.0,0.0,completed,none,1.9347254402497824,bounded_search_completed,bounded_search_completed,200.0,400.0,0,0,0,0,0,0,1,0,1,0,-4.493696961479181,-4.5095445455081276
alternating,1.0,1.0,64,91,2026094094,0.0,1.0,0.0,completed,none,4.7625555022419395,bounded_search_completed,bounded_search_completed,200.0,400.0,0,0,0,0,0,0,1,0,1,0,-5.178227555438966,-4.894775095175071
alternating,1.0,1.0,64,92,2026094095,0.0,1.0,0.0,completed,none,11.9365883776398,bounded_search_completed,bounded_search_completed,200.0,400.0,0,0,0,0,0,0,0,1,1,0,-9.992391985693743,-9.69104579056956
alternating,1.0,1.0,64,93,2026094096,0.0,1.0,0.0,completed,none,16.421641504090996,bounded_search_completed,bounded_search_completed,200.0,400.0,0,0,0,0,0,0,0,1,1,0,-0.30362085307362463,-0.0652531477159286
alternating,1.0,1.0,64,94,2026094097,0.0,1.0,0.0,completed,none,6.341421248764116,bounded_search_completed,bounded_search_completed,200.0,400.0,0,0,0,0,0,0,1,0,1,0,-11.197983985145967,-10.842801382225069
alternating,1.0,1.0,64,95,2026094098,0.0,1.0,0.0,completed,none,4.620739349806929,bounded_search_completed,bounded_search_completed,200.0,400.0,0,0,0,0,0,0,1,0,1,0,-8.733122423519617,-8.851904344026572
alternating,1.0,1.0,64,96,2026094099,0.0,1.0,0.0,completed,none,7.607720437359597,bounded_search_completed,bounded_search_completed,200.0,400.0,0,0,0,0,0,0,1,0,1,0,-0.88869681351634,-0.619161291880765
alternating,1.0,1.0,64,97,2026094100,0.0,1.0,0.0,completed,none,11.914549675996431,bounded_search_completed,bounded_search_completed,200.0,400.0,0,0,0,0,0,0,0,1,1,0,-1.7100145204672295,-1.4321426567167528
alternating,1.0,1.0,64,98,2026094101,0.0,1.0,0.0,completed,none,4.292776435241995,bounded_search_completed,bounded_search_completed,200.0,400.0,0,0,0,0,0,0,1,0,1,0,-12.040720018901768,-11.713165710589942
alternating,1.0,1.0,64,99,2026094102,0.0,1.0,0.0,completed,none,0.602313115063028,bounded_search_completed,bounded_search_completed,200.0,400.0,0,0,0,0,0,0,1,0,1,0,-17.60282314392805,-17.59333575518015
alternating,1.0,1.0,64,100,2026094103,0.0,1.0,0.0,completed,none,13.312539070051018,bounded_search_completed,bounded_search_completed,200.0,400.0,0,0,0,0,0,0,0,1,1,0,-12.036585031226739,-11.786679879682456
alternating,1.0,1.0,256,1,2026094104,0.0,1.0,0.0,completed,none,8.707636367795951,bounded_search_completed,bounded_search_completed,200.0,400.0,0,0,0,0,0,0,0,1,1,0,-3.0557252352458306,-2.828571894382975
alternating,1.0,1.0,256,2,2026094105,0.0,1.0,0.0,completed,none,3.448315592738757,bounded_search_completed,bounded_search_completed,200.0,400.0,0,0,0,0,0,0,1,0,1,0,-2.4448841356159505,-2.4374609862475154
alternating,1.0,1.0,256,3,2026094106,0.0,1.0,0.0,completed,none,5.846576745969765,bounded_search_completed,bounded_search_completed,200.0,400.0,0,0,0,0,0,0,1,0,1,0,-2.529274960506342,-2.284932077707566
alternating,1.0,1.0,256,4,2026094107,0.0,1.0,0.0,completed,none,2.504604183497937,bounded_search_completed,bounded_search_completed,200.0,400.0,0,0,0,0,0,0,1,0,1,0,-115.73680721202565,-115.3346080097116
alternating,1.0,1.0,256,5,2026094108,0.0,1.0,0.0,completed,none,4.543476760661962,bounded_search_completed,bounded_search_completed,200.0,400.0,0,0,0,0,0,0,1,0,1,0,-25.514998545329632,-25.31256556785425
alternating,1.0,1.0,256,6,2026094109,0.0,1.0,0.0,completed,none,5.979905335861116,bounded_search_completed,bounded_search_completed,200.0,400.0,0,0,0,0,0,0,1,0,1,0,-2.8516334182814376,-2.611180368184904
alternating,1.0,1.0,256,7,2026094110,0.0,1.0,0.0,completed,none,3.7870264718339315,bounded_search_completed,bounded_search_completed,200.0,400.0,0,0,0,0,0,0,1,0,1,0,-12.962125370465372,-12.633256212425579
alternating,1.0,1.0,256,8,2026094111,0.0,1.0,0.0,completed,none,1.6319585034745134,bounded_search_completed,bounded_search_completed,200.0,400.0,0,0,0,0,0,0,1,0,1,0,-23.276618658503367,-23.038317793045536
alternating,1.0,1.0,256,9,2026094112,0.0,1.0,0.0,completed,none,7.076866829780816,bounded_search_completed,bounded_search_completed,200.0,400.0,0,0,0,0,0,0,1,1,1,0,-1.8916139430001522,-1.6503201700803345
alternating,1.0,1.0,256,10,2026094113,0.0,1.0,0.0,completed,none,14.838848841917603,bounded_search_completed,bounded_search_completed,200.0,400.0,0,0,0,0,0,0,0,1,1,0,-0.6046200172328611,-0.4092430660710136
alternating,1.0,1.0,256,11,2026094114,0.0,1.0,0.0,completed,none,13.699564856332337,bounded_search_completed,bounded_search_completed,200.0,400.0,0,0,0,0,0,0,0,1,1,0,0.2587850299706531,0.5129731522593204
alternating,1.0,1.0,256,12,2026094115,0.0,1.0,0.0,completed,none,3.782550384107256,bounded_search_completed,bounded_search_completed,200.0,400.0,0,0,0,0,0,0,1,0,1,0,-9.746649974517993,-9.542493249949587
alternating,1.0,1.0,256,13,2026094116,0.0,1.0,0.0,completed,none,4.336970623880516,bounded_search_completed,bounded_search_completed,200.0,400.0,0,0,0,0,0,0,1,0,1,0,-2.725348024656398,-2.5729791800556825
alternating,1.0,1.0,256,14,2026094117,0.0,1.0,0.0,completed,none,9.935587580055893,bounded_search_completed,bounded_search_completed,200.0,400.0,0,0,0,0,0,0,1,1,1,0,-2.020661530472239,-1.8915678000053617
alternating,1.0,1.0,256,15,2026094118,0.0,1.0,0.0,completed,none,4.177689498396154,bounded_search_completed,bounded_search_completed,200.0,400.0,0,0,0,0,0,0,1,0,1,0,-4.536984113236514,-4.281757675402929
alternating,1.0,1.0,256,16,2026094119,0.0,1.0,0.0,completed,none,3.6552267462204795,bounded_search_completed,bounded_search_completed,200.0,400.0,0,0,0,0,0,0,1,0,1,0,-9.454024238589994,-9.324565112131978
alternating,1.0,1.0,256,17,2026094120,0.0,1.0,0.0,completed,none,8.170522056168153,bounded_search_completed,bounded_search_completed,200.0,400.0,0,0,0,0,0,0,1,1,1,0,-32.75938049008752,-32.42743170162572
alternating,1.0,1.0,256,18,2026094121,0.0,1.0,0.0,completed,none,11.815581978290925,bounded_search_completed,bounded_search_completed,200.0,400.0,0,0,0,0,0,0,0,1,1,0,-28.737902138523594,-28.530042999925683
alternating,1.0,1.0,256,19,2026094122,0.0,1.0,0.0,completed,none,5.311835993914007,bounded_search_completed,bounded_search_completed,200.0,400.0,0,0,0,0,0,0,1,0,1,0,-18.396942403079805,-18.061832076327903
alternating,1.0,1.0,256,20,2026094123,0.0,1.0,0.0,completed,none,13.96950963842269,bounded_search_completed,bounded_search_completed,200.0,400.0,0,0,0,0,0,0,0,1,1,0,-1.441761845776199,-1.2096679926781633
alternating,1.0,1.0,256,21,2026094124,0.0,1.0,0.0,completed,none,7.923949174427137,bounded_search_completed,bounded_search_completed,200.0,400.0,0,0,0,0,0,0,0,1,1,0,0.5327421033231303,0.7835075692151179
alternating,1.0,1.0,256,22,2026094125,0.0,1.0,0.0,completed,none,12.734410042774082,bounded_search_completed,bounded_search_completed,200.0,400.0,0,0,0,0,0,0,0,1,1,0,-3.583978194006619,-3.409983397061012
alternating,1.0,1.0,256,23,2026094126,0.0,1.0,0.0,completed,none,0.551871534554084,bounded_search_completed,bounded_search_completed,200.0,400.0,0,0,0,0,0,0,1,0,1,0,-1.8489687494954694,-1.8086680403594073
alternating,1.0,1.0,256,24,2026094127,0.0,1.0,0.0,completed,none,1.1310530699898163,bounded_search_completed,bounded_search_completed,200.0,400.0,0,0,0,0,0,0,1,0,1,0,-11.933256288902129,-11.528244619393377
alternating,1.0,1.0,256,25,2026094128,0.0,1.0,0.0,completed,none,8.58784039359923,bounded_search_completed,bounded_search_completed,200.0,400.0,0,0,0,0,0,0,0,1,1,0,-10.815840609347532,-10.55477429523691
alternating,1.0,1.0,256,26,2026094129,0.0,1.0,0.0,completed,none,8.408295016855746,bounded_search_completed,bounded_search_completed,200.0,400.0,0,0,0,0,0,0,0,1,1,0,-1.5057567944888888,-1.3400743885604243
alternating,1.0,1.0,256,27,2026094130,0.0,1.0,0.0,completed,none,8.338232969060469,bounded_search_completed,bounded_search_completed,200.0,400.0,0,0,0,0,0,0,1,0,1,0,-3.107650964436033,-2.880560116972248
alternating,1.0,1.0,256,28,2026094131,0.0,1.0,0.0,completed,none,4.557973257368884,bounded_search_completed,bounded_search_completed,200.0,400.0,0,0,0,0,0,0,1,0,1,0,-1.5122217628391468,-1.356796752004442
alternating,1.0,1.0,256,29,2026094132,0.0,1.0,0.0,completed,none,11.342717520975693,bounded_search_completed,bounded_search_completed,200.0,400.0,0,0,0,0,0,0,0,1,1,0,-2.283294307680819,-2.0392622474391544
alternating,1.0,1.0,256,30,2026094133,0.0,1.0,0.0,completed,none,19.43886139596036,bounded_search_completed,bounded_search_completed,200.0,400.0,0,0,0,0,0,0,0,1,1,0,1.9502426036460463,2.204995555894783
alternating,1.0,1.0,256,31,2026094134,0.0,1.0,0.0,completed,none,3.0708835832379036,bounded_search_completed,bounded_search_completed,200.0,400.0,0,0,0,0,0,0,1,0,1,0,-2.6094194389211793,-2.385666100314097
alternating,1.0,1.0,256,32,2026094135,0.0,1.0,0.0,completed,none,7.359367511755933,bounded_search_completed,bounded_search_completed,200.0,400.0,0,0,0,0,0,0,1,1,1,0,-0.6686865348553113,-0.40466949764478954
alternating,1.0,1.0,256,33,2026094136,0.0,1.0,0.0,completed,none,3.0192617146150615,bounded_search_completed,bounded_search_completed,200.0,400.0,0,0,0,0,0,0,1,0,1,0,-43.02010571394368,-42.62148972098444
alternating,1.0,1.0,256,34,2026094137,0.0,1.0,0.0,completed,none,12.500269885647477,bounded_search_completed,bounded_search_completed,200.0,400.0,0,0,0,0,0,0,0,1,1,0,-1.6248328931648928,-1.2768833714617358
alternating,1.0,1.0,256,35,2026094138,0.0,1.0,0.0,completed,none,6.705868108400974,bounded_search_completed,bounded_search_completed,200.0,400.0,0,0,0,0,0,0,1,0,1,0,0.5591806767651804,0.7673283163063331
alternating,1.0,1.0,256,36,2026094139,0.0,1.0,0.0,completed,none,6.522386541698175,bounded_search_completed,bounded_search_completed,200.0,400.0,0,0,0,0,0,0,1,0,1,0,-1.075291085050793,-0.8014857091677072
alternating,1.0,1.0,256,37,2026094140,0.0,1.0,0.0,completed,none,2.3139719152309337,bounded_search_completed,bounded_search_completed,200.0,400.0,0,0,0,0,0,0,1,0,1,0,-12.011044821488042,-11.753137963848587
alternating,1.0,1.0,256,38,2026094141,0.0,1.0,0.0,completed,none,9.834522488249815,bounded_search_completed,bounded_search_completed,200.0,400.0,0,0,0,0,0,0,0,1,1,0,-15.469519954290348,-15.141722402901479
alternating,1.0,1.0,256,39,2026094142,0.0,1.0,0.0,completed,none,13.246564481783755,bounded_search_completed,bounded_search_completed,200.0,400.0,0,0,0,0,0,0,0,1,1,0,-29.549066838682506,-29.30919170370933
alternating,1.0,1.0,256,40,2026094143,0.0,1.0,0.0,completed,none,8.635799437412082,bounded_search_completed,bounded_search_completed,200.0,400.0,0,0,0,0,0,0,1,1,1,0,-32.809496668504295,-32.51216491808961
alternating,1.0,1.0,256,41,2026094144,0.0,1.0,0.0,completed,none,1.2783419879746702,bounded_search_completed,bounded_search_completed,200.0,400.0,0,0,0,0,0,0,1,0,1,0,-123.70995566696529,-123.48692673640012
alternating,1.0,1.0,256,42,2026094145,0.0,1.0,0.0,completed,none,9.343753391412369,bounded_search_completed,bounded_search_completed,200.0,400.0,0,0,0,0,0,0,0,1,1,0,0.31802758804542464,0.5007081251922898
alternating,1.0,1.0,256,43,2026094146,0.0,1.0,0.0,completed,none,8.24719056185791,bounded_search_completed,bounded_search_completed,200.0,400.0,0,0,0,0,0,0,1,1,1,0,-1.1756481305078808,-0.9454585534926707
alternating,1.0,1.0,256,44,2026094147,0.0,1.0,0.0,completed,none,0.0,bounded_search_completed,bounded_search_completed,200.0,400.0,0,0,0,0,0,0,1,0,1,0,-53.596134290555995,-53.721426649907784
alternating,1.0,1.0,256,45,2026094148,0.0,1.0,0.0,completed,none,6.275677184073955,bounded_search_completed,bounded_search_completed,200.0,400.0,0,0,0,0,0,0,1,1,1,0,-9.355960918343186,-9.078504444057643
alternating,1.0,1.0,256,46,2026094149,0.0,1.0,0.0,completed,none,8.639350415097601,bounded_search_completed,bounded_search_completed,200.0,400.0,0,0,0,0,0,0,1,0,1,0,-1.3573853240312133,-1.1883400643061748
alternating,1.0,1.0,256,47,2026094150,0.0,1.0,0.0,completed,none,8.333901037615473,bounded_search_completed,bounded_search_completed,200.0,400.0,0,0,0,0,0,0,1,1,1,0,-19.38669475185131,-19.14642107915148
alternating,1.0,1.0,256,48,2026094151,0.0,1.0,0.0,completed,none,4.928832939776936,bounded_search_completed,bounded_search_completed,200.0,400.0,0,0,0,0,0,0,1,0,1,0,-56.384416860925114,-56.27059618109695
alternating,1.0,1.0,256,49,2026094152,0.0,1.0,0.0,completed,none,8.625499894039889,bounded_search_completed,bounded_search_completed,200.0,400.0,0,0,0,0,0,0,1,1,1,0,-0.8129351333065529,-0.5626297236518667
alternating,1.0,1.0,256,50,2026094153,0.0,1.0,0.0,completed,none,7.191644458967525,bounded_search_completed,bounded_search_completed,200.0,400.0,0,0,0,0,0,0,1,0,1,0,-8.72922647879409,-8.609347225531508
alternating,1.0,1.0,256,51,2026094154,0.0,1.0,0.0,completed,none,4.866836521609192,bounded_search_completed,bounded_search_completed,200.0,400.0,0,0,0,0,0,0,1,0,1,0,-3.841398068695355,-3.5334395428746177
alternating,1.0,1.0,256,52,2026094155,0.0,1.0,0.0,completed,none,15.306561848464566,bounded_search_completed,bounded_search_completed,200.0,400.0,0,0,0,0,0,0,0,1,1,0,0.13483259005292325,0.3776747997035841
alternating,1.0,1.0,256,53,2026094156,0.0,1.0,0.0,completed,none,5.034694417101369,bounded_search_completed,bounded_search_completed,200.0,400.0,0,0,0,0,0,0,1,0,1,0,-3.401780342225635,-3.0859244812687905
alternating,1.0,1.0,256,54,2026094157,0.0,1.0,0.0,completed,none,6.782717180547343,bounded_search_completed,bounded_search_completed,200.0,400.0,0,0,0,0,0,0,1,1,1,0,0.0027030655784585633,0.23807440774507427
alternating,1.0,1.0,256,55,2026094158,0.0,1.0,0.0,completed,none,9.086991307258716,bounded_search_completed,bounded_search_completed,200.0,400.0,0,0,0,0,0,0,1,1,1,0,-4.843964980910727,-4.689494371424985
alternating,1.0,1.0,256,56,2026094159,0.0,1.0,0.0,completed,none,5.2822647916975605,bounded_search_completed,bounded_search_completed,200.0,400.0,0,0,0,0,0,0,1,0,1,0,-4.268953740096805,-3.9654687854271344
alternating,1.0,1.0,256,57,2026094160,0.0,1.0,0.0,completed,none,10.710936644534483,bounded_search_completed,bounded_search_completed,200.0,400.0,0,0,0,0,0,0,0,1,1,0,-4.1398206863883615,-3.9877137041747517
alternating,1.0,1.0,256,58,2026094161,0.0,1.0,0.0,completed,none,18.588304616239327,bounded_search_completed,bounded_search_completed,200.0,400.0,0,0,0,0,0,0,0,1,1,0,-1.8267590192784553,-1.5984808265180277
alternating,1.0,1.0,256,59,2026094162,0.0,1.0,0.0,completed,none,8.402247789329305,bounded_search_completed,bounded_search_completed,200.0,400.0,0,0,0,0,0,0,1,0,1,0,-6.515007841562806,-6.325686330612797
alternating,1.0,1.0,256,60,2026094163,0.0,1.0,0.0,completed,none,14.04956893167447,bounded_search_completed,bounded_search_completed,200.0,400.0,0,0,0,0,0,0,0,1,1,0,-2.098331580610875,-1.852880326283639
alternating,1.0,1.0,256,61,2026094164,0.0,1.0,0.0,completed,none,0.18756588488856013,bounded_search_completed,bounded_search_completed,200.0,400.0,0,0,0,0,0,0,1,0,1,0,-31.330109701173626,-31.3304744097114
alternating,1.0,1.0,256,62,2026094165,0.0,1.0,0.0,completed,none,14.640275567393173,bounded_search_completed,bounded_search_completed,200.0,400.0,0,0,0,0,0,0,0,1,1,0,-4.919909734448851,-4.640145584753412
alternating,1.0,1.0,256,63,2026094166,0.0,1.0,0.0,completed,none,21.717929484008813,bounded_search_completed,bounded_search_completed,200.0,400.0,0,0,0,0,0,0,0,1,1,0,1.104799425632109,1.3298601047686134
alternating,1.0,1.0,256,64,2026094167,0.0,1.0,0.0,completed,none,4.050622236515143,bounded_search_completed,bounded_search_completed,200.0,400.0,0,0,0,0,0,0,1,0,1,0,-6.602519861189478,-6.333343520961961
alternating,1.0,1.0,256,65,2026094168,0.0,1.0,0.0,completed,none,10.17395021494759,bounded_search_completed,bounded_search_completed,200.0,400.0,0,0,0,0,0,0,0,1,1,0,-16.487637209769673,-16.23129893926003
alternating,1.0,1.0,256,66,2026094169,0.0,1.0,0.0,completed,none,3.7479829638971753,bounded_search_completed,bounded_search_completed,200.0,400.0,0,0,0,0,0,0,1,0,1,0,-1.665282111314724,-1.4486463112415038
alternating,1.0,1.0,256,67,2026094170,0.0,1.0,0.0,completed,none,6.479676306669859,bounded_search_completed,bounded_search_completed,200.0,400.0,0,0,0,0,0,0,1,0,1,0,-2.6674970375058535,-2.417932195074883
alternating,1.0,1.0,256,68,2026094171,0.0,1.0,0.0,completed,none,22.228319742291824,bounded_search_completed,bounded_search_completed,200.0,400.0,0,0,0,0,0,0,0,1,1,0,-9.675105691613567,-9.459020045000983
alternating,1.0,1.0,256,69,2026094172,0.0,1.0,0.0,completed,none,4.875406768483361,bounded_search_completed,bounded_search_completed,200.0,400.0,0,0,0,0,0,0,1,0,1,0,-2.886738231235256,-2.696924632931257
alternating,1.0,1.0,256,70,2026094173,0.0,1.0,0.0,completed,none,2.3553805038968276,bounded_search_completed,bounded_search_completed,200.0,400.0,0,0,0,0,0,0,1,0,1,0,-12.949718355120154,-12.618933174037636
alternating,1.0,1.0,256,71,2026094174,0.0,1.0,0.0,completed,none,4.207225021431175,bounded_search_completed,bounded_search_completed,200.0,400.0,0,0,0,0,0,0,1,0,1,0,0.3251242345853882,0.5541618838557838
alternating,1.0,1.0,256,72,2026094175,0.0,1.0,0.0,completed,none,6.973666956744066,bounded_search_completed,bounded_search_completed,200.0,400.0,0,0,0,0,0,0,1,0,1,0,-7.82327946691359,-7.538654697484361
alternating,1.0,1.0,256,73,2026094176,0.0,1.0,0.0,completed,none,1.6222606208849548,bounded_search_completed,bounded_search_completed,200.0,400.0,0,0,0,0,0,0,1,0,1,0,-5.943502657373045,-5.675207214737071
alternating,1.0,1.0,256,74,2026094177,0.0,1.0,0.0,completed,none,1.9344609460623183,bounded_search_completed,bounded_search_completed,200.0,400.0,0,0,0,0,0,0,1,0,1,0,-104.81718408198616,-104.28563224066785
alternating,1.0,1.0,256,75,2026094178,0.0,1.0,0.0,completed,none,9.830520651432034,bounded_search_completed,bounded_search_completed,200.0,400.0,0,0,0,0,0,0,0,1,1,0,0.10960126231751133,0.35416441097535767
alternating,1.0,1.0,256,76,2026094179,0.0,1.0,0.0,completed,none,14.873995740395529,bounded_search_completed,bounded_search_completed,200.0,400.0,0,0,0,0,0,0,0,1,1,0,1.2906386270306882,1.5135793689123886
alternating,1.0,1.0,256,77,2026094180,0.0,1.0,0.0,completed,none,0.0,bounded_search_completed,bounded_search_completed,200.0,400.0,0,0,0,0,0,0,1,0,1,0,-29.60163735357355,-29.88560355022716
alternating,1.0,1.0,256,78,2026094181,0.0,1.0,0.0,completed,none,5.104963562707388,bounded_search_completed,bounded_search_completed,200.0,400.0,0,0,0,0,0,0,1,0,1,0,-6.695324836947606,-6.609306567249291
alternating,1.0,1.0,256,79,2026094182,0.0,1.0,0.0,completed,none,9.133027556386333,bounded_search_completed,bounded_search_completed,200.0,400.0,0,0,0,0,0,0,1,1,1,0,0.5566131412384436,0.7504778612955363
alternating,1.0,1.0,256,80,2026094183,0.0,1.0,0.0,completed,none,9.758772560078413,bounded_search_completed,bounded_search_completed,200.0,400.0,0,0,0,0,0,0,0,1,1,0,-5.183766211529729,-4.933214101434714
alternating,1.0,1.0,256,81,2026094184,0.0,1.0,0.0,completed,none,4.083348034436026,bounded_search_completed,bounded_search_completed,200.0,400.0,0,0,0,0,0,0,1,0,1,0,-6.73861006643682,-6.429642122975224
alternating,1.0,1.0,256,82,2026094185,0.0,1.0,0.0,completed,none,4.84771528061945,bounded_search_completed,bounded_search_completed,200.0,400.0,0,0,0,0,0,0,1,0,1,0,-19.964456914781522,-19.62778014601355
alternating,1.0,1.0,256,83,2026094186,0.0,1.0,0.0,completed,none,3.750234245770275,bounded_search_completed,bounded_search_completed,200.0,400.0,0,0,0,0,0,0,1,0,1,0,-2.9245853371362216,-2.7463816936434284
alternating,1.0,1.0,256,84,2026094187,0.0,1.0,0.0,completed,none,9.383675939098481,bounded_search_completed,bounded_search_completed,200.0,400.0,0,0,0,0,0,0,0,1,1,0,-6.863086368047959,-6.652723138775912
alternating,1.0,1.0,256,85,2026094188,0.0,1.0,0.0,completed,none,7.203280537532607,bounded_search_completed,bounded_search_completed,200.0,400.0,0,0,0,0,0,0,1,1,1,0,-2.8889699516655014,-2.6638475976939446
alternating,1.0,1.0,256,86,2026094189,0.0,1.0,0.0,completed,none,0.0,bounded_search_completed,bounded_search_completed,200.0,400.0,0,0,0,0,0,0,1,0,1,0,-76.62907233572585,-76.39086977420286
alternating,1.0,1.0,256,87,2026094190,0.0,1.0,0.0,completed,none,3.808282799259437,bounded_search_completed,bounded_search_completed,200.0,400.0,0,0,0,0,0,0,1,0,1,0,-2.0456675923701653,-1.8919645464281416
alternating,1.0,1.0,256,88,2026094191,0.0,1.0,0.0,completed,none,4.835759009957138,bounded_search_completed,bounded_search_completed,200.0,400.0,0,0,0,0,0,0,1,0,1,0,0.20457465398266095,0.4604372990851857
alternating,1.0,1.0,256,89,2026094192,0.0,1.0,0.0,completed,none,9.158678565138386,bounded_search_completed,bounded_search_completed,200.0,400.0,0,0,0,0,0,0,1,1,1,0,-6.014841844149885,-5.840953441407692
alternating,1.0,1.0,256,90,2026094193,0.0,1.0,0.0,completed,none,3.261131024067183,bounded_search_completed,bounded_search_completed,200.0,400.0,0,0,0,0,0,0,1,0,1,0,-6.023900455781217,-6.001782147386194
alternating,1.0,1.0,256,91,2026094194,0.0,1.0,0.0,completed,none,9.541941872794652,bounded_search_completed,bounded_search_completed,200.0,400.0,0,0,0,0,0,0,1,0,1,0,-0.7709837641470472,-0.6871375582993551
alternating,1.0,1.0,256,92,2026094195,0.0,1.0,0.0,completed,none,9.615719024485832,bounded_search_completed,bounded_search_completed,200.0,400.0,0,0,0,0,0,0,1,1,1,0,-8.467363808989035,-8.169366591111128
alternating,1.0,1.0,256,93,2026094196,0.0,1.0,0.0,completed,none,9.247334869951148,bounded_search_completed,bounded_search_completed,200.0,400.0,0,0,0,0,0,0,1,1,1,0,-5.1710970024115,-4.988873691105283
alternating,1.0,1.0,256,94,2026094197,0.0,1.0,0.0,completed,none,1.9736672553046921,bounded_search_completed,bounded_search_completed,200.0,400.0,0,0,0,0,0,0,1,0,1,0,-4.932455547169781,-4.83431403603015
alternating,1.0,1.0,256,95,2026094198,0.0,1.0,0.0,completed,none,5.5733579085828335,bounded_search_completed,bounded_search_completed,200.0,400.0,0,0,0,0,0,0,1,0,1,0,-2.3291750708164614,-2.102164858467603
alternating,1.0,1.0,256,96,2026094199,0.0,1.0,0.0,completed,none,5.043058627834632,bounded_search_completed,bounded_search_completed,200.0,400.0,0,0,0,0,0,0,1,0,1,0,-2.4879462780052677,-2.079573913810748
alternating,1.0,1.0,256,97,2026094200,0.0,1.0,0.0,completed,none,7.353416715397464,bounded_search_completed,bounded_search_completed,200.0,400.0,0,0,0,0,0,0,1,0,1,0,-1.4071366132773448,-1.3164759698768194
alternating,1.0,1.0,256,98,2026094201,0.0,1.0,0.0,completed,none,0.04289565948675341,bounded_search_completed,bounded_search_completed,200.0,400.0,0,0,0,0,0,0,1,0,1,0,-114.9032138205322,-114.6620665075164
alternating,1.0,1.0,256,99,2026094202,0.0,1.0,0.0,completed,none,10.685227034596105,bounded_search_completed,bounded_search_completed,200.0,400.0,0,0,0,0,0,0,0,1,1,0,-4.318374359573113,-4.061036427708359
alternating,1.0,1.0,256,100,2026094203,0.0,1.0,0.0,completed,none,3.626534491446972,bounded_search_completed,bounded_search_completed,200.0,400.0,0,0,0,0,0,0,1,0,1,0,-23.573916432048037,-23.312022012781966
alternating,4.0,1.0,64,1,2026094204,0.0,1.0,0.0,completed,none,24.720235212410127,bounded_search_completed,bounded_search_completed,200.0,400.0,0,0,0,0,0,0,0,1,1,0,-1.1247337092746719,0.09686609835252113
alternating,4.0,1.0,64,2,2026094205,0.0,1.0,0.0,completed,none,14.027776786067069,bounded_search_completed,bounded_search_completed,200.0,400.0,0,0,0,0,0,0,1,1,1,0,0.8339186494591146,1.7800646352901381
alternating,4.0,1.0,64,3,2026094206,0.0,1.0,0.0,completed,none,6.137388928888878,bounded_search_completed,bounded_search_completed,200.0,400.0,0,0,0,0,0,0,1,0,1,0,-2.027207859110316,-1.7278720443391684
alternating,4.0,1.0,64,4,2026094207,0.0,1.0,0.0,completed,none,17.112149173119985,bounded_search_completed,bounded_search_completed,200.0,400.0,0,0,0,0,0,0,0,1,1,0,-0.18406166627080722,0.9240494394109717
alternating,4.0,1.0,64,5,2026094208,0.0,1.0,0.0,completed,none,5.655416233647575,bounded_search_completed,bounded_search_completed,200.0,400.0,0,0,0,0,0,0,1,0,1,0,-28.734406890321587,-28.02976464721649
alternating,4.0,1.0,64,6,2026094209,0.0,1.0,0.0,completed,none,10.35137937272894,bounded_search_completed,bounded_search_completed,200.0,400.0,0,0,0,0,0,0,1,1,1,0,-1.9025861122100451,-1.408502734461429
alternating,4.0,1.0,64,7,2026094210,0.0,1.0,0.0,completed,none,7.409449825515472,bounded_search_completed,bounded_search_completed,200.0,400.0,0,0,0,0,0,0,1,0,1,0,-15.46362393428992,-15.198161674753464
alternating,4.0,1.0,64,8,2026094211,0.0,1.0,0.0,completed,none,9.770641748875558,bounded_search_completed,bounded_search_completed,200.0,400.0,0,0,0,0,0,0,1,1,1,0,-7.63329477621636,-6.916914650339322
alternating,4.0,1.0,64,9,2026094212,0.0,1.0,0.0,completed,none,10.022114285275238,bounded_search_completed,bounded_search_completed,200.0,400.0,0,0,0,0,0,0,1,1,1,0,-4.846687130895109,-4.38610632827363
alternating,4.0,1.0,64,10,2026094213,0.0,1.0,0.0,completed,none,15.303682640796584,bounded_search_completed,bounded_search_completed,200.0,400.0,0,0,0,0,0,0,1,1,1,0,-0.4926367770959743,0.48008511724442116
alternating,4.0,1.0,64,11,2026094214,0.0,1.0,0.0,completed,none,14.681696298661997,bounded_search_completed,bounded_search_completed,200.0,400.0,0,0,0,0,0,0,1,1,1,0,-8.88293674899029,-7.829285022028088
alternating,4.0,1.0,64,12,2026094215,0.0,1.0,0.0,completed,none,7.4832054972315865,bounded_search_completed,bounded_search_completed,200.0,400.0,0,0,0,0,0,0,1,1,1,0,-3.245816555948469,-2.3290724521066686
alternating,4.0,1.0,64,13,2026094216,0.0,1.0,0.0,completed,none,5.939973863985665,bounded_search_completed,bounded_search_completed,200.0,400.0,0,0,0,0,0,0,1,0,1,0,-0.6149712981219402,0.27713014325174967
alternating,4.0,1.0,64,14,2026094217,0.0,1.0,0.0,completed,none,4.036364303717986,bounded_search_completed,bounded_search_completed,200.0,400.0,0,0,0,0,0,0,1,0,1,0,-2.9433267742949525,-1.9687095004875204
alternating,4.0,1.0,64,15,2026094218,0.0,1.0,0.0,completed,none,4.646813445983787,bounded_search_completed,bounded_search_completed,200.0,400.0,0,0,0,0,0,0,1,0,1,0,-1.824742392597841,-0.7111002464048894
alternating,4.0,1.0,64,16,2026094219,0.0,1.0,0.0,completed,none,5.946948669869681,bounded_search_completed,bounded_search_completed,200.0,400.0,0,0,0,0,0,0,1,0,1,0,-6.403245019673786,-5.3792876656882775
alternating,4.0,1.0,64,17,2026094220,0.0,1.0,0.0,completed,none,25.161306585153792,bounded_search_completed,bounded_search_completed,200.0,400.0,0,0,0,0,0,0,0,1,1,0,-4.233516433962546,-3.285885685151552
alternating,4.0,1.0,64,18,2026094221,0.0,1.0,0.0,completed,none,6.649594367150083,bounded_search_completed,bounded_search_completed,200.0,400.0,0,0,0,0,0,0,1,0,1,0,-4.063062473595625,-2.774614339564369
alternating,4.0,1.0,64,19,2026094222,0.0,1.0,0.0,completed,none,6.0494172502596175,bounded_search_completed,bounded_search_completed,200.0,400.0,0,0,0,0,0,0,1,0,1,0,-67.13619962088117,-65.91784650907051
alternating,4.0,1.0,64,20,2026094223,0.0,1.0,0.0,completed,none,15.075173328672777,bounded_search_completed,bounded_search_completed,200.0,400.0,0,0,0,0,0,0,1,1,1,0,-8.570094715969333,-7.6442468980515486
alternating,4.0,1.0,64,21,2026094224,0.0,1.0,0.0,completed,none,2.580601980879682,bounded_search_completed,bounded_search_completed,200.0,400.0,0,0,0,0,0,0,1,0,1,0,-57.56175175757224,-57.80081927208143
alternating,4.0,1.0,64,22,2026094225,0.0,1.0,0.0,completed,none,6.022377786181771,bounded_search_completed,bounded_search_completed,200.0,400.0,0,0,0,0,0,0,1,0,1,0,-0.5155691226722396,0.37239245197859816
alternating,4.0,1.0,64,23,2026094226,0.0,1.0,0.0,completed,none,21.330812669071058,bounded_search_completed,bounded_search_completed,200.0,400.0,0,0,0,0,0,0,0,1,1,0,0.7126820025618592,1.6812188372128496
alternating,4.0,1.0,64,24,2026094227,0.0,1.0,0.0,completed,none,11.317522665632069,bounded_search_completed,bounded_search_completed,200.0,400.0,0,0,0,0,0,0,1,1,1,0,-3.1479619508357644,-2.283042609675803
alternating,4.0,1.0,64,25,2026094228,0.0,1.0,0.0,completed,none,12.480133395202591,bounded_search_completed,bounded_search_completed,200.0,400.0,0,0,0,0,0,0,1,1,1,0,-12.935025368751669,-11.922856801391875
alternating,4.0,1.0,64,26,2026094229,0.0,1.0,0.0,completed,none,11.931978177838483,bounded_search_completed,bounded_search_completed,200.0,400.0,0,0,0,0,0,0,1,1,1,0,-25.467838561362015,-24.513220149116727
alternating,4.0,1.0,64,27,2026094230,0.0,1.0,0.0,completed,none,11.156817730116638,bounded_search_completed,bounded_search_completed,200.0,400.0,0,0,0,0,0,0,1,1,1,0,-0.4563624376175355,0.2918847168144083
alternating,4.0,1.0,64,28,2026094231,0.0,1.0,0.0,completed,none,4.371204697109668,bounded_search_completed,bounded_search_completed,200.0,400.0,0,0,0,0,0,0,1,0,1,0,-26.0867688149168,-24.97152564773797
alternating,4.0,1.0,64,29,2026094232,0.0,1.0,0.0,completed,none,8.104087740013592,bounded_search_completed,bounded_search_completed,200.0,400.0,0,0,0,0,0,0,1,0,1,0,-2.437080638912157,-2.065177622065839
alternating,4.0,1.0,64,30,2026094233,0.0,1.0,0.0,completed,none,9.246531259607954,bounded_search_completed,bounded_search_completed,200.0,400.0,0,0,0,0,0,0,1,1,1,0,-9.071893926074093,-8.132607470583064
alternating,4.0,1.0,64,31,2026094234,0.0,1.0,0.0,completed,none,11.285356014139454,bounded_search_completed,bounded_search_completed,200.0,400.0,0,0,0,0,0,0,1,1,1,0,-1.9093075156341222,-1.3664916476998634
alternating,4.0,1.0,64,32,2026094235,0.0,1.0,0.0,completed,none,9.464313198677518,bounded_search_completed,bounded_search_completed,200.0,400.0,0,0,0,0,0,0,1,1,1,0,-2.8708507380528303,-1.7069147207213078
alternating,4.0,1.0,64,33,2026094236,0.0,1.0,0.0,completed,none,18.284173067390377,bounded_search_completed,bounded_search_completed,200.0,400.0,0,0,0,0,0,0,0,1,1,0,-6.170223550245495,-5.649037115843036
alternating,4.0,1.0,64,34,2026094237,0.0,1.0,0.0,completed,none,8.354669515797378,bounded_search_completed,bounded_search_completed,200.0,400.0,0,0,0,0,0,0,1,0,1,0,-3.330403737572759,-2.696334106538785
alternating,4.0,1.0,64,35,2026094238,0.0,1.0,0.0,completed,none,6.827949108210777,bounded_search_completed,bounded_search_completed,200.0,400.0,0,0,0,0,0,0,1,0,1,0,-0.7415296847794259,-0.08433148893618281
alternating,4.0,1.0,64,36,2026094239,0.0,1.0,0.0,completed,none,12.312865114343198,bounded_search_completed,bounded_search_completed,200.0,400.0,0,0,0,0,0,0,1,1,1,0,-23.417549713400128,-22.623226129093638
alternating,4.0,1.0,64,37,2026094240,0.0,1.0,0.0,completed,none,6.595493937189078,bounded_search_completed,bounded_search_completed,200.0,400.0,0,0,0,0,0,0,1,0,1,0,-0.9313179005743422,-0.23364032453529404
alternating,4.0,1.0,64,38,2026094241,0.0,1.0,0.0,completed,none,15.964332028205089,bounded_search_completed,bounded_search_completed,200.0,400.0,0,0,0,0,0,0,0,1,1,0,-0.45140455848878247,0.4169287546423206
alternating,4.0,1.0,64,39,2026094242,0.0,1.0,0.0,completed,none,8.70155706135844,bounded_search_completed,bounded_search_completed,200.0,400.0,0,0,0,0,0,0,1,1,1,0,-59.018921089841584,-58.025941438797716
alternating,4.0,1.0,64,40,2026094243,0.0,1.0,0.0,completed,none,7.735836395655058,bounded_search_completed,bounded_search_completed,200.0,400.0,0,0,0,0,0,0,1,1,1,0,-1.4954013697404207,-0.6776677536735889
alternating,4.0,1.0,64,41,2026094244,0.0,1.0,0.0,completed,none,8.457935939082724,bounded_search_completed,bounded_search_completed,200.0,400.0,0,0,0,0,0,0,1,0,1,0,-39.776139527891594,-38.967219620546544
alternating,4.0,1.0,64,42,2026094245,0.0,1.0,0.0,completed,none,8.966778240695659,bounded_search_completed,bounded_search_completed,200.0,400.0,0,0,0,0,0,0,1,1,1,0,-7.903420880856103,-7.1126508817174425
alternating,4.0,1.0,64,43,2026094246,0.0,1.0,0.0,completed,none,18.50268933790641,bounded_search_completed,bounded_search_completed,200.0,400.0,0,0,0,0,0,0,0,1,1,0,0.5101096054453755,1.5233308931618872
alternating,4.0,1.0,64,44,2026094247,0.0,1.0,0.0,completed,none,6.459753772111626,bounded_search_completed,bounded_search_completed,200.0,400.0,0,0,0,0,0,0,1,0,1,0,-3.784773008979755,-3.139925507617093
alternating,4.0,1.0,64,45,2026094248,0.0,1.0,0.0,completed,none,3.2207732276121566,bounded_search_completed,bounded_search_completed,200.0,400.0,0,0,0,0,0,0,1,0,1,0,-20.36143175541507,-19.136505657229314
alternating,4.0,1.0,64,46,2026094249,0.0,1.0,0.0,completed,none,6.482242660178217,bounded_search_completed,bounded_search_completed,200.0,400.0,0,0,0,0,0,0,1,0,1,0,-2.7334925818787674,-1.904672050815531
alternating,4.0,1.0,64,47,2026094250,0.0,1.0,0.0,completed,none,6.243255250313344,bounded_search_completed,bounded_search_completed,200.0,400.0,0,0,0,0,0,0,1,0,1,0,-1.214629756109339,-0.4781330082699
alternating,4.0,1.0,64,48,2026094251,0.0,1.0,0.0,completed,none,16.23527848173388,bounded_search_completed,bounded_search_completed,200.0,400.0,0,0,0,0,0,0,0,1,1,0,-3.594401442463557,-2.973760609703838
alternating,4.0,1.0,64,49,2026094252,0.0,1.0,0.0,completed,none,5.688777439071295,bounded_search_completed,bounded_search_completed,200.0,400.0,0,0,0,0,0,0,1,0,1,0,-25.302674910920864,-24.28284066451861
alternating,4.0,1.0,64,50,2026094253,0.0,1.0,0.0,completed,none,4.822123845002229,bounded_search_completed,bounded_search_completed,200.0,400.0,0,0,0,0,0,0,1,0,1,0,-5.086053115971065,-4.53309466749398
alternating,4.0,1.0,64,51,2026094254,0.0,1.0,0.0,completed,none,7.967723391584433,bounded_search_completed,bounded_search_completed,200.0,400.0,0,0,0,0,0,0,1,1,1,0,-1.7385555296244206,-0.8765214386278188
alternating,4.0,1.0,64,52,2026094255,0.0,1.0,0.0,completed,none,24.198863345446075,bounded_search_completed,bounded_search_completed,200.0,400.0,0,0,0,0,0,0,0,1,1,0,1.3253882357988047,2.3248997338155633
alternating,4.0,1.0,64,53,2026094256,0.0,1.0,0.0,completed,none,12.056059329578307,bounded_search_completed,bounded_search_completed,200.0,400.0,0,0,0,0,0,0,1,1,1,0,-2.5927251036282364,-2.0237507011165015
alternating,4.0,1.0,64,54,2026094257,0.0,1.0,0.0,completed,none,10.236516591640113,bounded_search_completed,bounded_search_completed,200.0,400.0,0,0,0,0,0,0,1,1,1,0,-7.745270870180889,-6.869019945511958
alternating,4.0,1.0,64,55,2026094258,0.0,1.0,0.0,completed,none,5.871236085318418,bounded_search_completed,bounded_search_completed,200.0,400.0,0,0,0,0,0,0,1,0,1,0,-2.468100171980364,-2.5682349524656267
alternating,4.0,1.0,64,56,2026094259,0.0,1.0,0.0,completed,none,28.196807630940018,bounded_search_completed,bounded_search_completed,200.0,400.0,0,0,0,0,0,0,0,1,1,0,-5.779346049609984,-5.038387585155448
alternating,4.0,1.0,64,57,2026094260,0.0,1.0,0.0,completed,none,9.463305662577273,bounded_search_completed,bounded_search_completed,200.0,400.0,0,0,0,0,0,0,1,1,1,0,-4.382985288538915,-3.8739777937455706
alternating,4.0,1.0,64,58,2026094261,0.0,1.0,0.0,completed,none,5.307485939883332,bounded_search_completed,bounded_search_completed,200.0,400.0,0,0,0,0,0,0,1,0,1,0,-0.2396041110830467,0.6126622615745845
alternating,4.0,1.0,64,59,2026094262,0.0,1.0,0.0,completed,none,6.697344723515808,bounded_search_completed,bounded_search_completed,200.0,400.0,0,0,0,0,0,0,1,0,1,0,-2.199761309470837,-1.2026255277147726
alternating,4.0,1.0,64,60,2026094263,0.0,1.0,0.0,completed,none,3.399193033967499,bounded_search_completed,bounded_search_completed,200.0,400.0,0,0,0,0,0,0,1,0,1,0,-125.1997066260999,-124.54570609950476
alternating,4.0,1.0,64,61,2026094264,0.0,1.0,0.0,completed,none,11.57375054593571,bounded_search_completed,bounded_search_completed,200.0,400.0,0,0,0,0,0,0,1,1,1,0,-0.5846305448563811,-0.14468990080519006
alternating,4.0,1.0,64,62,2026094265,0.0,1.0,0.0,completed,none,15.775275288298223,bounded_search_completed,bounded_search_completed,200.0,400.0,0,0,0,0,0,0,0,1,1,0,0.008942302482228826,0.8448076035419483
alternating,4.0,1.0,64,63,2026094266,0.0,1.0,0.0,completed,none,4.615176644779678,bounded_search_completed,bounded_search_completed,200.0,400.0,0,0,0,0,0,0,1,0,1,0,-5.1155514952337136,-4.140060218366312
alternating,4.0,1.0,64,64,2026094267,0.0,1.0,0.0,completed,none,6.307691444415156,bounded_search_completed,bounded_search_completed,200.0,400.0,0,0,0,0,0,0,1,0,1,0,-1.4716779889254497,-0.37780790020136834
alternating,4.0,1.0,64,65,2026094268,0.0,1.0,0.0,completed,none,3.657825220344495,bounded_search_completed,bounded_search_completed,200.0,400.0,0,0,0,0,0,0,1,0,1,0,-31.02234303579001,-29.95157926139818
alternating,4.0,1.0,64,66,2026094269,0.0,1.0,0.0,completed,none,13.090307511321463,bounded_search_completed,bounded_search_completed,200.0,400.0,0,0,0,0,0,0,1,1,1,0,-5.259939928739165,-4.328303241385491
alternating,4.0,1.0,64,67,2026094270,0.0,1.0,0.0,completed,none,9.678088226878389,bounded_search_completed,bounded_search_completed,200.0,400.0,0,0,0,0,0,0,1,1,1,0,-1.5489123076890117,-0.992706135759601
alternating,4.0,1.0,64,68,2026094271,0.0,1.0,0.0,completed,none,23.402426198806214,bounded_search_completed,bounded_search_completed,200.0,400.0,0,0,0,0,0,0,0,1,1,0,2.0004260044724305,2.9467491868707967
alternating,4.0,1.0,64,69,2026094272,0.0,1.0,0.0,completed,none,7.988492677950382,bounded_search_completed,bounded_search_completed,200.0,400.0,0,0,0,0,0,0,1,1,1,0,-2.114537052349057,-0.9202617866251259
alternating,4.0,1.0,64,70,2026094273,0.0,1.0,0.0,completed,none,13.495710349218582,bounded_search_completed,bounded_search_completed,200.0,400.0,0,0,0,0,0,0,1,1,1,0,-19.90382633725334,-18.49857396557204
alternating,4.0,1.0,64,71,2026094274,0.0,1.0,0.0,completed,none,3.7321629722279464,bounded_search_completed,bounded_search_completed,200.0,400.0,0,0,0,0,0,0,1,0,1,0,-35.30218056086014,-34.43833616881096
alternating,4.0,1.0,64,72,2026094275,0.0,1.0,0.0,completed,none,8.068047844661043,bounded_search_completed,bounded_search_completed,200.0,400.0,0,0,0,0,0,0,1,0,1,0,-15.283987819631049,-15.163821971166668
alternating,4.0,1.0,64,73,2026094276,0.0,1.0,0.0,completed,none,21.551403049291654,bounded_search_completed,bounded_search_completed,200.0,400.0,0,0,0,0,0,0,0,1,1,0,1.7949275576918424,2.7100637222050565
alternating,4.0,1.0,64,74,2026094277,0.0,1.0,0.0,completed,none,13.226044213732218,bounded_search_completed,bounded_search_completed,200.0,400.0,0,0,0,0,0,0,1,1,1,0,0.5319541857179892,1.3404565504048627
alternating,4.0,1.0,64,75,2026094278,0.0,1.0,0.0,completed,none,3.919937702182299,bounded_search_completed,bounded_search_completed,200.0,400.0,0,0,0,0,0,0,1,0,1,0,-14.019501046190292,-13.099335456184605
alternating,4.0,1.0,64,76,2026094279,0.0,1.0,0.0,completed,none,12.209405938912349,bounded_search_completed,bounded_search_completed,200.0,400.0,0,0,0,0,0,0,1,1,1,0,-3.5262361820535517,-2.988578477271524
alternating,4.0,1.0,64,77,2026094280,0.0,1.0,0.0,completed,none,6.892720990810005,bounded_search_completed,bounded_search_completed,200.0,400.0,0,0,0,0,0,0,1,0,1,0,-1.8671771831216937,-1.4511069427024346
alternating,4.0,1.0,64,78,2026094281,0.0,1.0,0.0,completed,none,10.368496623579087,bounded_search_completed,bounded_search_completed,200.0,400.0,0,0,0,0,0,0,1,1,1,0,-4.579121617069408,-3.8603462471606953
alternating,4.0,1.0,64,79,2026094282,0.0,1.0,0.0,completed,none,5.597215041131429,bounded_search_completed,bounded_search_completed,200.0,400.0,0,0,0,0,0,0,1,0,1,0,-0.5297073374471424,0.280310236403551
alternating,4.0,1.0,64,80,2026094283,0.0,1.0,0.0,completed,none,4.531441510753294,bounded_search_completed,bounded_search_completed,200.0,400.0,0,0,0,0,0,0,1,0,1,0,-3.4319688688150727,-2.9856292661962947
alternating,4.0,1.0,64,81,2026094284,0.0,1.0,0.0,completed,none,12.930899644763825,bounded_search_completed,bounded_search_completed,200.0,400.0,0,0,0,0,0,0,1,1,1,0,-1.7230865536135163,-0.6570606569250295
alternating,4.0,1.0,64,82,2026094285,0.0,1.0,0.0,completed,none,3.0361032129575194,bounded_search_completed,bounded_search_completed,200.0,400.0,0,0,0,0,0,0,1,0,1,0,-92.91606571493398,-92.20837820330141
alternating,4.0,1.0,64,83,2026094286,0.0,1.0,0.0,completed,none,2.2150800447086425,bounded_search_completed,bounded_search_completed,200.0,400.0,0,0,0,0,0,0,1,0,1,0,-2.3466918166720845,-2.444593249130797
alternating,4.0,1.0,64,84,2026094287,0.0,1.0,0.0,completed,none,5.030200728988125,bounded_search_completed,bounded_search_completed,200.0,400.0,0,0,0,0,0,0,1,0,1,0,-9.530698897789396,-8.944759492720014
alternating,4.0,1.0,64,85,2026094288,0.0,1.0,0.0,completed,none,0.9506248213896886,bounded_search_completed,bounded_search_completed,200.0,400.0,0,0,0,0,0,0,1,0,1,0,-6.1860131507207115,-7.114708721877577
alternating,4.0,1.0,64,86,2026094289,0.0,1.0,0.0,completed,none,15.632337111796305,bounded_search_completed,bounded_search_completed,200.0,400.0,0,0,0,0,0,0,0,1,1,0,-2.426221933241564,-1.7359415298919032
alternating,4.0,1.0,64,87,2026094290,0.0,1.0,0.0,completed,none,0.0,bounded_search_completed,bounded_search_completed,200.0,400.0,0,0,0,0,0,0,1,0,1,0,-53.45432069655105,-54.25129601594285
alternating,4.0,1.0,64,88,2026094291,0.0,1.0,0.0,completed,none,11.189646648822775,bounded_search_completed,bounded_search_completed,200.0,400.0,0,0,0,0,0,0,1,1,1,0,-6.010644157090631,-4.846753306359915
alternating,4.0,1.0,64,89,2026094292,0.0,1.0,0.0,completed,none,40.60605249879745,bounded_search_completed,bounded_search_completed,200.0,400.0,0,0,0,0,0,0,0,1,0,1,3.2005113664444167,4.099727294554405
alternating,4.0,1.0,64,90,2026094293,0.0,1.0,0.0,completed,none,17.87898180961825,bounded_search_completed,bounded_search_completed,200.0,400.0,0,0,0,0,0,0,0,1,1,0,-1.3475097297706427,-0.46821719978733967
alternating,4.0,1.0,64,91,2026094294,0.0,1.0,0.0,completed,none,2.778172222678926,bounded_search_completed,bounded_search_completed,200.0,400.0,0,0,0,0,0,0,1,0,1,0,-7.443089860920512,-6.601742571030616
alternating,4.0,1.0,64,92,2026094295,0.0,1.0,0.0,completed,none,4.087857593203435,bounded_search_completed,bounded_search_completed,200.0,400.0,0,0,0,0,0,0,1,0,1,0,-48.458084560399456,-47.49833387883999
alternating,4.0,1.0,64,93,2026094296,0.0,1.0,0.0,completed,none,3.7284232284790377,bounded_search_completed,bounded_search_completed,200.0,400.0,0,0,0,0,0,0,1,0,1,0,-12.469401506661944,-11.63143332777332
alternating,4.0,1.0,64,94,2026094297,0.0,1.0,0.0,completed,none,1.784358783657314,bounded_search_completed,bounded_search_completed,200.0,400.0,0,0,0,0,0,0,1,0,1,0,-11.095748276003405,-11.14119731966764
alternating,4.0,1.0,64,95,2026094298,0.0,1.0,0.0,completed,none,4.366514141264147,bounded_search_completed,bounded_search_completed,200.0,400.0,0,0,0,0,0,0,1,0,1,0,-2.668320682385527,-1.962245000144982
alternating,4.0,1.0,64,96,2026094299,0.0,1.0,0.0,completed,none,33.44277334578169,bounded_search_completed,bounded_search_completed,200.0,400.0,0,0,0,0,0,0,0,1,1,0,1.5394512662725148,2.4631633727008833
alternating,4.0,1.0,64,97,2026094300,0.0,1.0,0.0,completed,none,9.016829611767623,bounded_search_completed,bounded_search_completed,200.0,400.0,0,0,0,0,0,0,1,1,1,0,-4.846875518512334,-3.608404454839558
alternating,4.0,1.0,64,98,2026094301,0.0,1.0,0.0,completed,none,5.312909192982271,bounded_search_completed,bounded_search_completed,200.0,400.0,0,0,0,0,0,0,1,0,1,0,-4.837949888065619,-3.822489004664849
alternating,4.0,1.0,64,99,2026094302,0.0,1.0,0.0,completed,none,14.520621433020805,bounded_search_completed,bounded_search_completed,200.0,400.0,0,0,0,0,0,0,1,1,1,0,-3.4035420256449456,-2.7358981506437487
alternating,4.0,1.0,64,100,2026094303,0.0,1.0,0.0,completed,none,16.068794206111313,bounded_search_completed,bounded_search_completed,200.0,400.0,0,0,0,0,0,0,0,1,1,0,-12.489519786775325,-11.613893868134014
alternating,4.0,1.0,256,1,2026094304,0.0,1.0,0.0,completed,none,15.54150365721405,bounded_search_completed,bounded_search_completed,200.0,400.0,0,0,0,0,0,0,0,1,1,0,0.7350978881626133,1.5765522495057667
alternating,4.0,1.0,256,2,2026094305,0.0,1.0,0.0,completed,none,1.755719229487863,bounded_search_completed,bounded_search_completed,200.0,400.0,0,0,0,0,0,0,1,0,1,0,-9.907732969093729,-9.093777345525666
alternating,4.0,1.0,256,3,2026094306,0.0,1.0,0.0,completed,none,6.868793974508441,bounded_search_completed,bounded_search_completed,200.0,400.0,0,0,0,0,0,0,1,1,1,0,-18.770168299989876,-17.590016409193424
alternating,4.0,1.0,256,4,2026094307,0.0,1.0,0.0,completed,none,6.172086833612489,bounded_search_completed,bounded_search_completed,200.0,400.0,0,0,0,0,0,0,1,0,1,0,-1.005546521946627,-0.33995120637675313
alternating,4.0,1.0,256,5,2026094308,0.0,1.0,0.0,completed,none,7.6223129636723925,bounded_search_completed,bounded_search_completed,200.0,400.0,0,0,0,0,0,0,1,0,1,0,-5.900704655121785,-5.563300634482175
alternating,4.0,1.0,256,6,2026094309,0.0,1.0,0.0,completed,none,9.244913833684963,bounded_search_completed,bounded_search_completed,200.0,400.0,0,0,0,0,0,0,1,0,1,0,-1.8036145210335803,-1.0595700975931095
alternating,4.0,1.0,256,7,2026094310,0.0,1.0,0.0,completed,none,17.050664295410755,bounded_search_completed,bounded_search_completed,200.0,400.0,0,0,0,0,0,0,0,1,1,0,0.6103521943589953,1.693860304896475
alternating,4.0,1.0,256,8,2026094311,0.0,1.0,0.0,completed,none,16.778457898770252,bounded_search_completed,bounded_search_completed,200.0,400.0,0,0,0,0,0,0,0,1,1,0,0.3865027993242336,1.2479543279358154
alternating,4.0,1.0,256,9,2026094312,0.0,1.0,0.0,completed,none,39.35224647483537,bounded_search_completed,bounded_search_completed,200.0,400.0,0,0,0,0,0,0,0,1,1,0,1.8898063356140256,2.8963871262622547
alternating,4.0,1.0,256,10,2026094313,0.0,1.0,0.0,completed,none,22.998099607002775,bounded_search_completed,bounded_search_completed,200.0,400.0,0,0,0,0,0,0,0,1,1,0,-5.8868953223605445,-4.942275840715524
alternating,4.0,1.0,256,11,2026094314,0.0,1.0,0.0,completed,none,6.651614263258255,bounded_search_completed,bounded_search_completed,200.0,400.0,0,0,0,0,0,0,1,0,1,0,-17.728369965277835,-16.983102205651306
alternating,4.0,1.0,256,12,2026094315,0.0,1.0,0.0,completed,none,4.2355182324086025,bounded_search_completed,bounded_search_completed,200.0,400.0,0,0,0,0,0,0,1,0,1,0,-4.44482209240735,-4.778443899707867
alternating,4.0,1.0,256,13,2026094316,0.0,1.0,0.0,completed,none,2.137424492793533,bounded_search_completed,bounded_search_completed,200.0,400.0,0,0,0,0,0,0,1,0,1,0,-7.470658959586615,-5.893141059455758
alternating,4.0,1.0,256,14,2026094317,0.0,1.0,0.0,completed,none,5.182352219537369,bounded_search_completed,bounded_search_completed,200.0,400.0,0,0,0,0,0,0,1,0,1,0,-0.02330917258154841,0.5221563098738216
alternating,4.0,1.0,256,15,2026094318,0.0,1.0,0.0,completed,none,5.570455985869411,bounded_search_completed,bounded_search_completed,200.0,400.0,0,0,0,0,0,0,1,0,1,0,-0.2718048056370037,0.311068237531515
alternating,4.0,1.0,256,16,2026094319,0.0,1.0,0.0,completed,none,3.8539118396248186,bounded_search_completed,bounded_search_completed,200.0,400.0,0,0,0,0,0,0,1,0,1,0,-7.812988400884791,-6.978276487539887
alternating,4.0,1.0,256,17,2026094320,0.0,1.0,0.0,completed,none,11.806651844585442,bounded_search_completed,bounded_search_completed,200.0,400.0,0,0,0,0,0,0,1,1,1,0,-4.069211427847762,-3.068528919597753
alternating,4.0,1.0,256,18,2026094321,0.0,1.0,0.0,completed,none,11.25323450069016,bounded_search_completed,bounded_search_completed,200.0,400.0,0,0,0,0,0,0,1,1,1,0,-0.5565763456000354,0.32645832015140286
alternating,4.0,1.0,256,19,2026094322,0.0,1.0,0.0,completed,none,8.938967580594044,bounded_search_completed,bounded_search_completed,200.0,400.0,0,0,0,0,0,0,1,1,1,0,-2.1746681422285974,-1.4419716265242641
alternating,4.0,1.0,256,20,2026094323,0.0,1.0,0.0,completed,none,4.439016559762819,bounded_search_completed,bounded_search_completed,200.0,400.0,0,0,0,0,0,0,1,0,1,0,-19.735888743732545,-18.928908867695952
alternating,4.0,1.0,256,21,2026094324,0.0,1.0,0.0,completed,none,18.454234610038192,bounded_search_completed,bounded_search_completed,200.0,400.0,0,0,0,0,0,0,0,1,1,0,1.4427749752549062,2.4521187276693013
alternating,4.0,1.0,256,22,2026094325,0.0,1.0,0.0,completed,none,3.016893018844102,bounded_search_completed,bounded_search_completed,200.0,400.0,0,0,0,0,0,0,1,0,1,0,-38.67178307528076,-37.52455115043148
alternating,4.0,1.0,256,23,2026094326,0.0,1.0,0.0,completed,none,2.114966149801219,bounded_search_completed,bounded_search_completed,200.0,400.0,0,0,0,0,0,0,1,0,1,0,-12.710980464036709,-12.303203935110133
alternating,4.0,1.0,256,24,2026094327,0.0,1.0,0.0,completed,none,7.986124281258733,bounded_search_completed,bounded_search_completed,200.0,400.0,0,0,0,0,0,0,1,1,1,0,-11.560606770724661,-10.922969445774385
alternating,4.0,1.0,256,25,2026094328,0.0,1.0,0.0,completed,none,14.890885317885216,bounded_search_completed,bounded_search_completed,200.0,400.0,0,0,0,0,0,0,1,1,1,0,-0.7367313081267355,0.25904376518445815
alternating,4.0,1.0,256,26,2026094329,0.0,1.0,0.0,completed,none,16.82089564010932,bounded_search_completed,bounded_search_completed,200.0,400.0,0,0,0,0,0,0,0,1,1,0,0.8529204471746539,1.848915045324702
alternating,4.0,1.0,256,27,2026094330,0.0,1.0,0.0,completed,none,12.867854748842081,bounded_search_completed,bounded_search_completed,200.0,400.0,0,0,0,0,0,0,1,1,1,0,-0.8275641079712557,-0.03820769174075167
alternating,4.0,1.0,256,28,2026094331,0.0,1.0,0.0,completed,none,5.295227121882695,bounded_search_completed,bounded_search_completed,200.0,400.0,0,0,0,0,0,0,1,0,1,0,-5.950233049856308,-5.097283812418851
alternating,4.0,1.0,256,29,2026094332,0.0,1.0,0.0,completed,none,9.167454463987731,bounded_search_completed,bounded_search_completed,200.0,400.0,0,0,0,0,0,0,1,1,1,0,-6.618824401203227,-5.740718465717862
alternating,4.0,1.0,256,30,2026094333,0.0,1.0,0.0,completed,none,21.978150754128063,bounded_search_completed,bounded_search_completed,200.0,400.0,0,0,0,0,0,0,0,1,1,0,0.780358182088321,1.7116202384325447
alternating,4.0,1.0,256,31,2026094334,0.0,1.0,0.0,completed,none,6.095407817877469,bounded_search_completed,bounded_search_completed,200.0,400.0,0,0,0,0,0,0,1,0,1,0,-2.8752271071813027,-1.6008091229641082
alternating,4.0,1.0,256,32,2026094335,0.0,1.0,0.0,completed,none,6.511063437999121,bounded_search_completed,bounded_search_completed,200.0,400.0,0,0,0,0,0,0,1,0,1,0,-10.722384380424074,-9.872001188149483
alternating,4.0,1.0,256,33,2026094336,0.0,1.0,0.0,completed,none,8.368258273521372,bounded_search_completed,bounded_search_completed,200.0,400.0,0,0,0,0,0,0,1,1,1,0,-3.580280577585654,-2.6847520400190206
alternating,4.0,1.0,256,34,2026094337,0.0,1.0,0.0,completed,none,13.434118190540412,bounded_search_completed,bounded_search_completed,200.0,400.0,0,0,0,0,0,0,1,1,1,0,-7.729896567224017,-6.781183009327066
alternating,4.0,1.0,256,35,2026094338,0.0,1.0,0.0,completed,none,12.750347557635736,bounded_search_completed,bounded_search_completed,200.0,400.0,0,0,0,0,0,0,1,1,1,0,0.43128328836630203,1.3696795842541292
alternating,4.0,1.0,256,36,2026094339,0.0,1.0,0.0,completed,none,3.6083776178068616,bounded_search_completed,bounded_search_completed,200.0,400.0,0,0,0,0,0,0,1,0,1,0,-7.8559623218529,-6.0248847654424935
alternating,4.0,1.0,256,37,2026094340,0.0,1.0,0.0,completed,none,19.868081377683918,bounded_search_completed,bounded_search_completed,200.0,400.0,0,0,0,0,0,0,0,1,1,0,-3.835533793923446,-3.02750657891346
alternating,4.0,1.0,256,38,2026094341,0.0,1.0,0.0,completed,none,10.742279165104804,bounded_search_completed,bounded_search_completed,200.0,400.0,0,0,0,0,0,0,1,1,1,0,-0.5592746124871439,0.34688357078806575
alternating,4.0,1.0,256,39,2026094342,0.0,1.0,0.0,completed,none,4.448699832103493,bounded_search_completed,bounded_search_completed,200.0,400.0,0,0,0,0,0,0,1,0,1,0,-11.455372054618294,-10.511806712995195
alternating,4.0,1.0,256,40,2026094343,0.0,1.0,0.0,completed,none,21.698964552650175,bounded_search_completed,bounded_search_completed,200.0,400.0,0,0,0,0,0,0,0,1,1,0,-1.3748456778716331,-0.5363259039278603
alternating,4.0,1.0,256,41,2026094344,0.0,1.0,0.0,completed,none,4.9650185657257255,bounded_search_completed,bounded_search_completed,200.0,400.0,0,0,0,0,0,0,1,0,1,0,-12.226845347178823,-11.74667436141084
alternating,4.0,1.0,256,42,2026094345,0.0,1.0,0.0,completed,none,2.835809567573714,bounded_search_completed,bounded_search_completed,200.0,400.0,0,0,0,0,0,0,1,0,1,0,-0.4991247453702954,0.3525684213381055
alternating,4.0,1.0,256,43,2026094346,0.0,1.0,0.0,completed,none,3.3041148470143558,bounded_search_completed,bounded_search_completed,200.0,400.0,0,0,0,0,0,0,1,0,1,0,-51.22236967531657,-50.280146527980264
alternating,4.0,1.0,256,44,2026094347,0.0,1.0,0.0,completed,none,14.73942447026161,bounded_search_completed,bounded_search_completed,200.0,400.0,0,0,0,0,0,0,1,1,1,0,-5.622819098327881,-4.833719497614055
alternating,4.0,1.0,256,45,2026094348,0.0,1.0,0.0,completed,none,28.506992904934194,bounded_search_completed,bounded_search_completed,200.0,400.0,0,0,0,0,0,0,0,1,1,0,1.9231060360041567,2.844138522454358
alternating,4.0,1.0,256,46,2026094349,0.0,1.0,0.0,completed,none,5.216320056713496,bounded_search_completed,bounded_search_completed,200.0,400.0,0,0,0,0,0,0,1,0,1,0,-1.008649573550798,-0.07238091343569408
alternating,4.0,1.0,256,47,2026094350,0.0,1.0,0.0,completed,none,14.2054379679783,bounded_search_completed,bounded_search_completed,200.0,400.0,0,0,0,0,0,0,1,1,1,0,-1.2840135849832564,-0.38180228700244356
alternating,4.0,1.0,256,48,2026094351,0.0,1.0,0.0,completed,none,6.0142826872268875,bounded_search_completed,bounded_search_completed,200.0,400.0,0,0,0,0,0,0,1,0,1,0,-6.271045233727904,-5.254047786324264
alternating,4.0,1.0,256,49,2026094352,0.0,1.0,0.0,completed,none,5.335094890222774,bounded_search_completed,bounded_search_completed,200.0,400.0,0,0,0,0,0,0,1,0,1,0,-5.706917457704861,-5.182994799458669
alternating,4.0,1.0,256,50,2026094353,0.0,1.0,0.0,completed,none,9.76997789814515,bounded_search_completed,bounded_search_completed,200.0,400.0,0,0,0,0,0,0,1,1,1,0,-3.746377794815146,-3.0969086723509633
alternating,4.0,1.0,256,51,2026094354,0.0,1.0,0.0,completed,none,12.822246879127835,bounded_search_completed,bounded_search_completed,200.0,400.0,0,0,0,0,0,0,1,1,1,0,-0.7792009947154099,0.15488927453336032
alternating,4.0,1.0,256,52,2026094355,0.0,1.0,0.0,completed,none,10.336254296064205,bounded_search_completed,bounded_search_completed,200.0,400.0,0,0,0,0,0,0,1,1,1,0,-0.07988914685969917,0.4639149676759189
alternating,4.0,1.0,256,53,2026094356,0.0,1.0,0.0,completed,none,11.442022963773999,bounded_search_completed,bounded_search_completed,200.0,400.0,0,0,0,0,0,0,1,1,1,0,-1.0724071586984394,-0.3074697117136225
alternating,4.0,1.0,256,54,2026094357,0.0,1.0,0.0,completed,none,2.3052922830683404,bounded_search_completed,bounded_search_completed,200.0,400.0,0,0,0,0,0,0,1,0,1,0,-11.395865850520266,-9.997340843645759
alternating,4.0,1.0,256,55,2026094358,0.0,1.0,0.0,completed,none,3.9658367777188914,bounded_search_completed,bounded_search_completed,200.0,400.0,0,0,0,0,0,0,1,0,1,0,-10.208653750865125,-9.670221114974908
alternating,4.0,1.0,256,56,2026094359,0.0,1.0,0.0,completed,none,3.143051691685312,bounded_search_completed,bounded_search_completed,200.0,400.0,0,0,0,0,0,0,1,0,1,0,-9.591451021246826,-8.13264673778076
alternating,4.0,1.0,256,57,2026094360,0.0,1.0,0.0,completed,none,4.185627150356569,bounded_search_completed,bounded_search_completed,200.0,400.0,0,0,0,0,0,0,1,0,1,0,-1.718533541268073,-1.7605349463381117
alternating,4.0,1.0,256,58,2026094361,0.0,1.0,0.0,completed,none,8.152249544134689,bounded_search_completed,bounded_search_completed,200.0,400.0,0,0,0,0,0,0,1,1,1,0,0.23088433232925354,0.9131520953968106
alternating,4.0,1.0,256,59,2026094362,0.0,1.0,0.0,completed,none,3.9142887697345436,bounded_search_completed,bounded_search_completed,200.0,400.0,0,0,0,0,0,0,1,0,1,0,-0.8329626934207681,-0.5906851601091887
alternating,4.0,1.0,256,60,2026094363,0.0,1.0,0.0,completed,none,6.495355576896513,bounded_search_completed,bounded_search_completed,200.0,400.0,0,0,0,0,0,0,1,0,1,0,-5.472712433980234,-5.553738224366725
alternating,4.0,1.0,256,61,2026094364,0.0,1.0,0.0,completed,none,20.157807705851784,bounded_search_completed,bounded_search_completed,200.0,400.0,0,0,0,0,0,0,0,1,1,0,0.3824524946883514,1.4840462241497505
alternating,4.0,1.0,256,62,2026094365,0.0,1.0,0.0,completed,none,10.730006709430405,bounded_search_completed,bounded_search_completed,200.0,400.0,0,0,0,0,0,0,1,1,1,0,0.0004990308200376603,0.41003972176352477
alternating,4.0,1.0,256,63,2026094366,0.0,1.0,0.0,completed,none,21.008387574444242,bounded_search_completed,bounded_search_completed,200.0,400.0,0,0,0,0,0,0,0,1,1,0,-5.849987554616831,-4.705020717671232
alternating,4.0,1.0,256,64,2026094367,0.0,1.0,0.0,completed,none,5.430869463837853,bounded_search_completed,bounded_search_completed,200.0,400.0,0,0,0,0,0,0,1,0,1,0,-13.95085294400576,-13.73055430962404
alternating,4.0,1.0,256,65,2026094368,0.0,1.0,0.0,completed,none,2.844926451780868,bounded_search_completed,bounded_search_completed,200.0,400.0,0,0,0,0,0,0,1,0,1,0,-1.962897097324003,-2.243350213111171
alternating,4.0,1.0,256,66,2026094369,0.0,1.0,0.0,completed,none,13.795119879351319,bounded_search_completed,bounded_search_completed,200.0,400.0,0,0,0,0,0,0,1,1,1,0,0.6211484998238177,1.2272372666201932
alternating,4.0,1.0,256,67,2026094370,0.0,1.0,0.0,completed,none,15.048658435045356,bounded_search_completed,bounded_search_completed,200.0,400.0,0,0,0,0,0,0,0,1,1,0,-0.18777143753789005,0.6859258663624814
alternating,4.0,1.0,256,68,2026094371,0.0,1.0,0.0,completed,none,5.396980831743028,bounded_search_completed,bounded_search_completed,200.0,400.0,0,0,0,0,0,0,1,0,1,0,-5.879685768956364,-5.2899609402078624
alternating,4.0,1.0,256,69,2026094372,0.0,1.0,0.0,completed,none,7.094469902833537,bounded_search_completed,bounded_search_completed,200.0,400.0,0,0,0,0,0,0,1,0,1,0,-36.01432197918842,-34.85496914881571
alternating,4.0,1.0,256,70,2026094373,0.0,1.0,0.0,completed,none,18.486183095675226,bounded_search_completed,bounded_search_completed,200.0,400.0,0,0,0,0,0,0,0,1,1,0,0.42070721673673006,1.447087063745414
alternating,4.0,1.0,256,71,2026094374,0.0,1.0,0.0,completed,none,13.85780881568359,bounded_search_completed,bounded_search_completed,200.0,400.0,0,0,0,0,0,0,1,1,1,0,-8.587903295563933,-7.797079152907315
alternating,4.0,1.0,256,72,2026094375,0.0,1.0,0.0,completed,none,9.481940270042548,bounded_search_completed,bounded_search_completed,200.0,400.0,0,0,0,0,0,0,1,1,1,0,-0.2822573426628878,0.3878243644714985
alternating,4.0,1.0,256,73,2026094376,0.0,1.0,0.0,completed,none,8.292389042160597,bounded_search_completed,bounded_search_completed,200.0,400.0,0,0,0,0,0,0,1,0,1,0,-2.6372518764892163,-1.891712156638647
alternating,4.0,1.0,256,74,2026094377,0.0,1.0,0.0,completed,none,5.356806124245711,bounded_search_completed,bounded_search_completed,200.0,400.0,0,0,0,0,0,0,1,0,1,0,-28.411585163687704,-27.08810034199857
alternating,4.0,1.0,256,75,2026094378,0.0,1.0,0.0,completed,none,9.15037341908044,bounded_search_completed,bounded_search_completed,200.0,400.0,0,0,0,0,0,0,1,0,1,0,-3.1581339029175126,-2.7364337452205802
alternating,4.0,1.0,256,76,2026094379,0.0,1.0,0.0,completed,none,3.984158203030564,bounded_search_completed,bounded_search_completed,200.0,400.0,0,0,0,0,0,0,1,0,1,0,-4.551041857219502,-2.9710120497791763
alternating,4.0,1.0,256,77,2026094380,0.0,1.0,0.0,completed,none,17.83666714444612,bounded_search_completed,bounded_search_completed,200.0,400.0,0,0,0,0,0,0,0,1,1,0,-24.939779548540997,-24.188982174031736
alternating,4.0,1.0,256,78,2026094381,0.0,1.0,0.0,completed,none,14.208883344319903,bounded_search_completed,bounded_search_completed,200.0,400.0,0,0,0,0,0,0,1,1,1,0,-4.2365348611793365,-3.572662526051772
alternating,4.0,1.0,256,79,2026094382,0.0,1.0,0.0,completed,none,9.412692347150353,bounded_search_completed,bounded_search_completed,200.0,400.0,0,0,0,0,0,0,1,1,1,0,-7.846979261976713,-6.8727176773042515
alternating,4.0,1.0,256,80,2026094383,0.0,1.0,0.0,completed,none,4.564292090506151,bounded_search_completed,bounded_search_completed,200.0,400.0,0,0,0,0,0,0,1,0,1,0,-82.19972829652356,-81.4051608165358
alternating,4.0,1.0,256,81,2026094384,0.0,1.0,0.0,completed,none,4.384638462216,bounded_search_completed,bounded_search_completed,200.0,400.0,0,0,0,0,0,0,1,0,1,0,-6.894995440999111,-6.223685104810045
alternating,4.0,1.0,256,82,2026094385,0.0,1.0,0.0,completed,none,10.27734615391091,bounded_search_completed,bounded_search_completed,200.0,400.0,0,0,0,0,0,0,1,1,1,0,-4.507450583779217,-3.0130805599635266
alternating,4.0,1.0,256,83,2026094386,0.0,1.0,0.0,completed,none,8.686594443618008,bounded_search_completed,bounded_search_completed,200.0,400.0,0,0,0,0,0,0,1,1,1,0,-1.985992276974656,-1.1865020736980512
alternating,4.0,1.0,256,84,2026094387,0.0,1.0,0.0,completed,none,8.605570343691998,bounded_search_completed,bounded_search_completed,200.0,400.0,0,0,0,0,0,0,1,0,1,0,-8.149281461927728,-7.211928418569926
alternating,4.0,1.0,256,85,2026094388,0.0,1.0,0.0,completed,none,4.459559846984243,bounded_search_completed,bounded_search_completed,200.0,400.0,0,0,0,0,0,0,1,0,1,0,-1.8719824179572697,-1.0003215834507841
alternating,4.0,1.0,256,86,2026094389,0.0,1.0,0.0,completed,none,17.036921665237386,bounded_search_completed,bounded_search_completed,200.0,400.0,0,0,0,0,0,0,0,1,1,0,0.527223701709147,1.6988674768350052
alternating,4.0,1.0,256,87,2026094390,0.0,1.0,0.0,completed,none,12.747062643984352,bounded_search_completed,bounded_search_completed,200.0,400.0,0,0,0,0,0,0,1,1,1,0,-1.4732196174394119,-0.679007261516773
alternating,4.0,1.0,256,88,2026094391,0.0,1.0,0.0,completed,none,4.6181257309358115,bounded_search_completed,bounded_search_completed,200.0,400.0,0,0,0,0,0,0,1,0,1,0,-6.948905652708362,-6.476696279991245
alternating,4.0,1.0,256,89,2026094392,0.0,1.0,0.0,completed,none,12.036512794196947,bounded_search_completed,bounded_search_completed,200.0,400.0,0,0,0,0,0,0,1,1,1,0,-7.170331301871812,-6.739500770440543
alternating,4.0,1.0,256,90,2026094393,0.0,1.0,0.0,completed,none,6.59554480506787,bounded_search_completed,bounded_search_completed,200.0,400.0,0,0,0,0,0,0,1,0,1,0,-5.13769328190557,-4.144856983024226
alternating,4.0,1.0,256,91,2026094394,0.0,1.0,0.0,completed,none,11.645838579596566,bounded_search_completed,bounded_search_completed,200.0,400.0,0,0,0,0,0,0,1,1,1,0,-11.104022201072496,-10.121677561415112
alternating,4.0,1.0,256,92,2026094395,0.0,1.0,0.0,completed,none,6.106964439162784,bounded_search_completed,bounded_search_completed,200.0,400.0,0,0,0,0,0,0,1,0,1,0,-9.683361687636761,-8.998130072257965
alternating,4.0,1.0,256,93,2026094396,0.0,1.0,0.0,completed,none,0.9511292402366118,bounded_search_completed,bounded_search_completed,200.0,400.0,0,0,0,0,0,0,1,0,1,0,-3.0167512690516674,-4.479751493754179
alternating,4.0,1.0,256,94,2026094397,0.0,1.0,0.0,completed,none,12.622437740446273,bounded_search_completed,bounded_search_completed,200.0,400.0,0,0,0,0,0,0,1,1,1,0,-2.40401644415806,-1.0688814171776642
alternating,4.0,1.0,256,95,2026094398,0.0,1.0,0.0,completed,none,12.35848774174018,bounded_search_completed,bounded_search_completed,200.0,400.0,0,0,0,0,0,0,1,1,1,0,0.4720141278181984,1.2866196335712914
alternating,4.0,1.0,256,96,2026094399,0.0,1.0,0.0,completed,none,3.1544219567916367,bounded_search_completed,bounded_search_completed,200.0,400.0,0,0,0,0,0,0,1,0,1,0,-39.15026164560078,-37.93374502880647
alternating,4.0,1.0,256,97,2026094400,0.0,1.0,0.0,completed,none,12.349230442996024,bounded_search_completed,bounded_search_completed,200.0,400.0,0,0,0,0,0,0,1,1,1,0,-0.8414612206123309,-0.14962746705899121
alternating,4.0,1.0,256,98,2026094401,0.0,1.0,0.0,completed,none,18.28922811294747,bounded_search_completed,bounded_search_completed,200.0,400.0,0,0,0,0,0,0,0,1,1,0,-1.0397891539532793,0.21290901345429347
alternating,4.0,1.0,256,99,2026094402,0.0,1.0,0.0,completed,none,22.21858377879684,bounded_search_completed,bounded_search_completed,200.0,400.0,0,0,0,0,0,0,0,1,1,0,-1.31792755738158,-0.3528030392404844
alternating,4.0,1.0,256,100,2026094403,0.0,1.0,0.0,completed,none,6.056180323310529,bounded_search_completed,bounded_search_completed,200.0,400.0,0,0,0,0,0,0,1,0,1,0,-3.647165697683789,-3.059019943428922
